Life expectancy ,Adult Mortality,infant deaths,Alcohol,Population,Education
65,263,62,0.01,33736494,10.1
59.9,271,64,0.01,327582,10
59.9,268,66,0.01,31731688,9.9
59.5,272,69,0.01,3696958,9.8
59.2,275,71,0.01,2978599,9.5
58.8,279,74,0.01,2883167,9.2
58.6,281,77,0.01,284331,8.9
58.1,287,80,0.03,2729431,8.7
57.5,295,82,0.02,26616792,8.4
57.3,295,84,0.03,2589345,8.1
57.3,291,85,0.02,257798,7.9
57,293,87,0.02,24118979,6.8
56.7,295,87,0.01,2364851,6.5
56.2,3,88,0.01,21979923,6.2
55.3,316,88,0.01,2966463,5.9
54.8,321,88,0.01,293756,5.5
77.8,74,0,4.6,28873,14.2
77.5,8,0,4.51,288914,14.2
77.2,84,0,4.76,289592,14.2
76.9,86,0,5.14,2941,14.2
76.6,88,0,5.37,295195,13.3
76.2,91,1,5.28,291321,12.5
76.1,91,1,5.79,2927519,12.2
75.3,1,1,5.61,2947314,12
75.9,9,1,5.58,29717,11.6
74.2,99,1,5.31,2992547,11.4
73.5,15,1,5.16,311487,10.8
73,17,1,4.54,326939,10.9
72.8,18,1,4.29,339616,10.7
73.3,15,1,3.73,3511,10.7
73.6,14,1,4.25,36173,10.6
72.6,11,1,3.66,38927,10.7
75.6,19,21,,39871528,14.4
75.4,11,21,0.01,39113313,14.4
75.3,112,21,0.53,38338562,14.4
75.1,113,21,0.66,37565847,14.4
74.9,116,21,0.56,36819558,14
74.7,119,21,0.45,36117637,13.6
74.4,123,20,0.5,3546576,13.1
74.1,126,20,0.46,3486715,12.6
73.8,129,20,0.44,34376,12.3
73.4,132,20,0.36,33777915,12.3
72.9,136,19,0.5,33288437,12
72.3,14,19,0.45,3283196,11.7
71.7,146,20,0.34,3243514,11.5
71.6,145,20,0.36,3199546,11.1
71.4,145,20,0.23,31592153,10.9
71.3,145,21,0.25,3118366,10.7
52.4,335,66,,2785935,11.4
51.7,348,67,8.33,2692466,11.4
51.1,355,69,8.1,2599834,11.4
56,358,72,8.24,259615,10.3
51,361,75,8.06,24218565,9.4
49.6,365,78,7.8,23369131,9
49.1,369,81,7.01,22549547,8.5
48.7,371,84,7.07,2175942,8.1
48.2,375,87,6.35,2997687,7.7
47.7,381,90,5.84,2262399,7.2
47.4,382,92,5.04,19552542,6.8
47.1,386,94,3.53,18865716,6.4
46.8,388,95,3.49,1823369,5.9
46.5,391,96,2.82,17572649,5.5
45.7,44,97,2.58,16983266,5.1
45.3,48,97,1.85,1644924,4.6
76.4,13,0,,,13.9
76.2,131,0,8.56,,13.9
76.1,133,0,8.58,,13.9
75.9,134,0,8.18,,13.8
75.7,136,0,7.84,,14.1
75.6,138,0,7.84,,14.1
75.4,14,0,7.82,,14.2
75.2,142,0,8.27,,14.4
75,144,0,8.64,,14.5
74.8,145,0,8.93,,14.7
74.6,147,0,8.15,,0
74.4,149,0,7.28,,0
74.2,151,0,7.16,,0
74,153,0,7.21,,0
73.8,154,0,7.51,,0
73.6,156,0,7.27,,0
76.3,116,8,,43417765,17.3
76.2,118,8,7.93,42981515,17.3
76,119,8,8.28,42539925,17.3
75.9,12,9,8.35,4296739,17.2
75.7,12,9,8.11,41656879,17.1
75.5,121,10,8.15,41223889,16.8
75.6,126,10,8.33,479947,16.5
75.4,126,10,8.41,4382389,16.3
74.8,129,10,8.16,3997224,16.3
75.2,127,11,7.75,3955889,16.1
74.9,127,11,7.53,39145488,16.3
74.7,13,11,7.63,38728696,16.3
74.1,137,11,7.62,3839379,16.4
74.1,138,12,7.81,3788937,16.3
74,138,12,7.76,3747159,15.6
74.1,137,12,7.68,3757452,15
74.8,118,1,,291695,12.7
74.6,12,1,3.91,29622,12.7
74.4,123,1,3.79,289359,12.7
74.4,121,1,3.89,2881922,12.7
73.9,128,1,4.09,2875581,12.7
73.5,132,1,4.23,2877311,12.3
73.3,137,1,3.96,2888584,11.9
73.2,14,1,3.96,29822,12.3
73.5,132,1,3.99,293356,11.7
72.9,141,1,4.01,29585,11.2
73,137,1,4.25,2981259,10.9
73,132,1,3.81,3612,10.9
72.7,134,1,3.03,31786,10.8
72.6,134,1,2.86,333897,10.8
72.6,141,1,2.86,35655,11.1
72,142,1,2.9,369588,11.2
82.8,59,1,,23789338,20.4
82.7,6,1,9.71,2346694,20.4
82.5,61,1,9.87,23117353,20.3
82.3,61,1,10.03,22728254,20.1
82,63,1,10.3,223424,19.8
81.9,64,1,10.52,223175,19.5
81.7,66,1,10.62,216917,19.1
81.3,66,1,10.76,212492,19.1
81.3,66,1,10.56,28276,19
81.2,66,1,10.31,26979,20.3
81,67,1,10.3,23948,20.3
86,69,1,9.84,21274,20.7
83,71,1,9.97,198954,20.6
79.9,73,1,9.84,196514,20.1
79.9,75,1,9.53,19413,20.5
79.5,78,1,10.17,19153,20.4
81.5,65,0,,8633169,15.9
81.4,66,0,12.32,8541575,15.9
81.1,68,0,11.82,8479375,15.7
88,7,0,12.26,8429991,15.7
88,73,0,12.04,8391643,15.7
84,75,0,12.1,836344,15.4
82,77,0,11.3,8343323,15.3
84,76,0,12,8321496,15.1
81,8,0,12.5,8295487,15.2
79.8,81,0,12.4,8268641,15
79.4,85,0,12.4,8227829,14.9
79.3,86,0,12.1,8171966,14.7
78.8,88,0,12.2,8121423,14.7
78.7,9,0,12.5,881957,16.1
78.6,92,0,12.4,842293,15.5
78.1,96,0,13.2,811566,15.4
72.7,118,5,,9649341,12.7
72.5,119,5,0.01,953579,12.2
72.2,121,5,2.14,941681,11.9
71.9,123,5,0.01,9295784,11.8
71.6,125,5,1.98,917382,11.7
71.1,13,5,1.98,954332,11.7
78,132,6,2.1,8947243,11.6
73,141,6,1.18,87634,11.6
73,14,6,1.02,85813,11.6
69.2,154,6,0.85,848455,10.7
68.4,162,6,0.73,839185,11.2
68.4,154,6,0.62,8365,11
67.8,154,7,0.55,82341,10.8
67.8,146,7,0.55,817195,10.6
67.5,151,8,0.51,81112,10.4
66.6,16,9,0.65,8486,10.1
76.1,147,0,,,12.6
75.4,16,0,9.45,,12.6
74.8,172,0,9.42,,12.6
74.9,167,0,9.5,,12.6
75,162,0,9.34,,12.6
75,161,0,9.19,,12.6
74.6,168,0,9.29,,12.6
74.5,167,0,10.15,,12.6
74.4,167,0,10.75,,12.5
74.2,171,0,11.07,,12.4
74.1,172,0,10.49,,12.4
73.8,174,0,10.1,,12.3
73.2,189,0,10.68,,12.2
73.1,19,0,10.85,,12.1
72.9,189,0,11.64,,12.1
72.6,192,0,12.15,,12
76.9,69,0,,,14.5
76.8,7,0,1.57,,14.5
76.7,7,0,1.65,,14.5
76.5,71,0,1.7,,14.5
76.1,76,0,1.66,,14.4
76.1,73,0,1.93,,14.4
76,74,0,1.95,,14.4
75.8,76,0,2,,14.4
75.6,77,0,2,,14.4
75.5,79,0,2.1,,14.2
75.3,81,0,2.05,,14
75.2,83,0,2.16,,13.9
75,85,0,2.16,,13.7
74.9,87,0,1.99,,13.5
74.7,9,0,1.95,,13.3
74.5,92,0,2.15,,13.2
71.8,129,92,,1612886,10.2
71.4,132,98,0.01,15945279,10
71,135,104,0.01,157571292,10
77,137,111,0.01,15572753,9.9
73,14,118,0.01,153911916,9.4
69.9,142,126,0.01,15214912,8.9
69.5,144,135,0.01,1545478,8.4
69.1,147,144,0.01,14885814,8.6
68.6,151,154,0.01,147139191,8.6
68.2,152,164,0.01,1453684,8.4
67.8,155,174,0.01,14343111,8.2
67.3,158,185,0.01,14137489,8.1
66.8,161,196,0.01,139191,7.9
66.3,164,207,0.01,1366667,7.7
65.8,168,219,0.01,1341716,7.5
65.3,173,231,0.01,131581243,7.3
75.5,98,0,,,15.3
75.4,1,0,8.82,,15.3
75.2,11,0,8.74,,15.3
75.1,12,0,8.61,,15.3
74.9,14,0,8.51,,15.5
74.7,16,0,8.41,,15.8
74.6,19,0,8.46,,15.5
74.4,111,0,8.95,,15.3
74.2,113,0,8.47,,15
74.1,115,0,8.39,,14.8
73.9,117,0,8.01,,14.6
73.8,119,0,7.68,,14.4
73.7,121,0,7.65,,14.2
73.5,123,0,7.59,,14
73.4,125,0,7.38,,14
73.3,127,0,7.43,,14
72.3,196,0,,9489616,15.6
72,199,0,13.94,9474511,15.7
71.7,23,0,14.66,9465997,15.7
71.9,194,0,16.35,9464495,15.6
72,232,0,17.31,9473172,15.5
73,222,0,14.44,949583,15.5
70,226,0,14.09,956765,15.4
70,224,1,14.67,9527985,15.1
69.8,226,1,14.22,956953,14.9
68.9,243,1,12.6,964924,14.6
68.1,252,1,11.01,9663915,14.4
68.2,247,1,12.05,973146,14.1
67.7,253,1,11.17,9796749,13.9
67.2,262,1,12.23,9865548,13.6
67.7,254,1,10.74,9928549,13.3
68,247,1,12.98,997961,13.1
81.1,74,0,,11274196,16.6
89,76,0,12.6,112957,16.3
87,77,0,11.77,11182817,16.3
83,78,0,10.08,11128246,16.2
83,8,0,10.11,1147744,16.1
80,81,0,10.22,1895586,15.9
79.8,85,0,10.05,1796493,15.8
79.5,87,0,10.47,179973,15.8
79.5,86,0,10.25,16257,15.8
79.4,85,0,10.98,1547958,15.7
78.9,89,0,12.27,1478617,15.7
78.8,91,1,12.05,1421137,18.8
78.3,95,0,11.28,1376133,18.6
78,99,1,11.29,1332785,18.8
78,1,1,11.01,128657,18.2
77.6,11,1,11.21,125125,18
71,175,0,,359288,12.8
70,177,0,6.58,351694,12.8
69.8,18,0,6.56,344181,12.9
69.4,189,0,6.66,33671,12.5
69.4,188,0,6.64,329192,12.4
69.5,186,0,6.76,32168,12.4
69.5,184,0,6.85,313929,12.7
69.6,181,0,7.22,36165,12.8
69.6,181,0,7.24,29847,12.8
69.4,184,0,6.48,29747,12.3
69,191,0,6.25,283277,12.8
68.7,197,0,6.2,27689,12.5
68.4,21,0,5.67,26913,12.2
68.5,199,0,4.99,26226,11.9
68.2,21,0,4.9,254984,11.8
68.3,196,0,4.79,247315,11.7
60,249,25,,1575952,10.7
59.7,252,25,0.01,1286712,10.7
59.5,251,25,0.01,14451,10.3
59.3,251,25,0.01,972916,10
59.1,251,25,1.4,94682,9.8
58.7,254,25,1.33,9199259,9.5
58.4,259,25,1.16,894476,9.3
57.6,278,25,1.28,8696916,9.1
57.1,283,25,1.12,8454791,8.9
56.8,284,25,1.19,8216896,8.7
56.5,285,25,1.13,7982225,8.5
56.1,285,25,1.15,7754,8.1
55.8,285,25,1.35,752555,7.7
55.6,283,25,1.23,7295394,7.3
55.5,281,25,1.29,776733,6.6
55.4,279,25,1.34,6865951,6.4
69.8,211,0,,787386,12.5
69.4,216,0,0.01,776448,12.5
69.1,219,0,0.01,764961,12.6
68.7,223,0,0.01,752967,12.3
68.3,225,0,0.23,7451,11.9
67.9,228,1,0.28,727641,11.4
67.4,232,1,0.17,714458,10.9
67,234,1,0.21,795,10.5
66.5,238,1,0.16,686958,10.1
65.8,245,1,0.29,672228,9.6
65,254,1,0.73,656639,9.2
64.2,263,1,0.96,64282,8.8
63.3,273,1,0.52,623434,8.4
62.5,282,1,0.29,66399,8
61.7,29,1,0.14,5896,7.6
62,312,1,0.17,573416,7.3
77,186,8,,,13.8
74,189,8,3.62,,13.8
71,192,8,3.78,,13.8
69.8,194,8,3.89,,13.8
69.3,198,9,3.93,,13.8
68.7,22,9,3.95,,13.8
68,27,10,3.87,,13.8
67.4,211,10,3.77,,14
66.8,216,11,3.47,,14.1
66.2,219,11,3.23,,14.3
65.7,222,12,2.86,,14.4
65.1,226,12,2.66,,14.6
64.5,23,13,2.37,,14.4
63.9,234,14,2.26,,14
63.3,238,14,2.2,,13.7
62.6,243,15,2.32,,13.3
77.4,88,0,,3535961,14.2
77.2,89,0,4.03,35662,14.2
77,9,0,4.12,364999,14.2
76.8,92,0,4.61,36482,13.9
76.9,92,0,4.64,3688865,13.4
76.4,94,0,4.54,372284,13.3
76.1,97,0,4.75,3746561,13.3
76,98,0,5.13,3763599,13.1
75.4,16,0,5.16,3774,12.9
75.7,1,0,4.82,3779468,12.7
75,12,0,4.56,378153,12.5
75.5,99,0,4.25,3781287,12.3
75.2,12,0,4.14,3779247,12.1
75.4,11,0,3.84,377587,11.9
74.9,113,0,3.85,3771284,11.6
74.6,116,0,3.64,376676,0
65.7,256,2,,229197,12.6
65.1,268,2,0.01,2168573,12.6
64.2,286,2,0.01,212857,12.6
63.4,3,2,0.01,289315,12.5
62.2,325,2,5.76,251339,12.4
61.1,349,2,5.99,214866,12.3
59.2,393,2,5.01,1979882,12.2
57.5,427,2,6.56,1946351,12.1
56.9,436,2,6.21,1914414,12.1
54.8,491,2,6.45,1884238,11.9
51.7,566,2,6.37,1855852,11.9
48.1,652,2,4.9,182933,11.8
46.4,693,2,5.51,184339,11.8
46,699,2,6.41,1779953,11.9
46.7,679,2,5.48,1754935,11.8
47.8,647,2,5.37,172834,11.7
75,142,42,,2596218,15.2
74.8,144,44,7.32,24213133,15.2
74.7,146,46,7.24,2248632,14.2
74.5,148,49,7.55,256983,14.2
74.1,152,51,7.58,198686688,14
73.8,154,54,7.52,196796269,13.8
73.6,157,57,7.33,194895996,13.8
73.4,158,61,7.21,19297929,13.3
73.3,159,65,7.19,19126637,13.5
73,161,70,7.1,18912412,13.8
72.7,163,75,6.97,186917361,13.8
72,17,81,6.85,184738458,14
71.8,172,88,6.95,182482149,14.8
71.4,176,95,7,1815121,14.6
71,179,103,7.13,1777567,14.3
75,183,111,7.26,175287587,14.1
77.7,78,0,,,14.9
77.6,8,0,0.01,,15
77.1,84,0,0.01,,14.9
78.3,79,0,0.01,,14.4
77.4,79,0,0.97,,14.1
76.9,79,0,0.88,,14.2
76.8,88,0,0.25,,14.1
77.2,84,0,0.67,,14.2
76,1,0,0.85,,14.3
76.3,93,0,0.67,,14.3
76.2,92,0,0.16,,14.1
76.4,89,0,0.11,,13.7
76,89,0,0.12,,13.4
74.8,95,0,0.13,,13.3
74.7,19,0,0.47,,13.4
74.4,16,0,0.37,,13.4
74.5,137,0,,7177991,15
74.3,138,1,12.03,7223938,14.8
74.1,14,1,12.06,7265115,14.4
73.9,139,1,10.99,735888,14.3
73.7,144,1,10.67,7348328,14.2
73.4,147,1,10.8,7395599,13.9
73.2,152,1,10.93,7444443,13.8
72.9,155,1,10.98,7492561,13.8
72.6,157,1,10.89,7545338,13.5
72.2,161,1,10.39,76122,13.5
72.1,16,1,10.48,7658972,13.5
72.2,157,1,10.96,771686,13.3
72,155,1,11.19,7775327,12.9
71.8,157,1,10.2,7837161,12.9
71.6,16,1,10.72,89142,12.9
71.1,163,1,9.69,817172,12.9
59.9,26,38,,1811624,7.7
59.3,268,39,0.01,17585977,7.7
59,27,40,4.64,1772723,7.5
58.6,271,41,4.75,16571216,7.2
58.1,275,42,4.51,168194,6.7
57.5,279,43,4.55,1565217,6.3
56.9,283,44,4.55,1514199,5.9
56.1,288,45,4.5,14689726,5.4
55.3,293,46,4.58,1425221,4.9
54.3,32,47,4.73,13829177,4.7
53.3,313,48,4.88,1342193,4.3
52.4,323,49,4.54,133569,3.9
51.6,332,49,4.58,12654621,3.8
51,338,49,4.53,122931,3.6
56,344,48,4.56,11944587,3.5
51,348,48,3.71,1167942,3.4
59.6,288,21,,119927,10.6
59.1,297,22,0.01,989179,10.6
58.6,33,22,0.01,96186,10.5
58,312,22,0.01,931971,10.3
57.4,321,22,4.16,94358,9.9
56.8,33,23,4.16,876693,9.3
56.2,338,23,4.05,848931,8.6
55.3,35,23,4.33,8212264,7.9
54.8,355,24,4.54,7939573,7.2
54.1,361,24,4.5,7675338,5.9
53.4,369,24,5.54,7423289,5.6
52.6,378,24,5.72,7182451,5.2
51.9,387,24,5.84,6953113,4.7
51.5,387,24,5.98,6741569,4.4
51.3,385,25,6.09,6555829,4.5
58,386,25,6.61,6476,4.5
53.3,397,57,,,
52.8,47,58,0.01,,
52.3,412,59,3.15,,
52,415,59,3.24,,
51.7,419,60,3.13,,
51.5,417,60,3.15,,
51,426,60,2.92,,
54,437,60,2.69,,
49.9,443,61,2.58,,
49.4,452,62,2.65,,
48.7,466,63,3.11,,
48.2,472,64,3.08,,
48,473,64,3.12,,
47.7,473,65,3.13,,
47.8,467,65,3.15,,
47.9,461,67,3.45,,
73.3,114,0,,532913,13.5
73,117,0,0.01,526437,13.5
72.8,12,0,0.01,5216,13.6
72.7,121,0,0.01,513979,13.2
72.6,122,0,5.07,5867,13.1
72.5,123,0,4.75,52384,12.7
72.4,124,0,4.45,496963,12.4
72.4,124,0,4.16,491723,12.2
72.3,126,0,5.28,486438,11.9
72.1,129,0,4.25,48795,11.9
71.8,134,0,4.26,474567,11.2
71.4,14,0,4.19,467664,11.1
71.1,144,0,4.16,46147,11.3
77,148,0,3.82,45216,11.3
73,152,0,3.81,443716,11
69.9,155,0,3.49,43579,11.3
68.7,174,10,,15517635,10.9
68.3,179,11,0.01,152779,10.9
67.8,183,11,0.01,1522692,10.8
67.4,186,12,0.01,14776866,10.7
67,19,13,2.12,14537886,10.7
66.6,192,14,2.2,143874,10.6
66.1,195,15,2.13,14928,10.5
65.6,199,16,2.24,138859,10.5
65,24,16,2.08,13676693,10.3
64.1,216,17,2.03,13474489,10.1
62.9,234,18,1.99,132721,10
61.5,253,19,1.38,1363377,9.7
63,268,21,1.44,12853124,9.3
59.3,273,23,1.43,12634729,8.2
58.5,273,25,1.71,1242473,7.6
57.7,274,27,1.51,12152354,7.2
57.3,357,45,,22834522,10.4
56.7,366,47,0.01,2223994,10.4
56.4,364,48,0.01,21655715,10.4
55.9,369,50,0.01,2182383,10.4
55.6,371,51,6.19,252447,10
55.3,37,53,6.15,1997495,9.7
54.8,373,54,5.89,19432541,9.2
54.2,382,56,5.9,18978,8.8
53.6,395,57,5.44,18395389,8
53.3,394,58,5.22,17899562,8.2
52.8,4,58,5.03,1742795,8.3
52.1,412,59,4.71,1695981,8.2
51.8,412,60,4.64,16513822,8.1
51.6,47,60,4.58,1684886,8.4
51.5,41,61,4.43,15671927,7.1
51.4,394,62,3.91,15274234,6.9
82.2,64,2,,3584861,16.3
82,65,2,8.1,35544564,15.9
81.8,67,2,8.2,35155451,15.9
81.6,68,2,8.3,3475545,15.9
81.5,68,2,8.2,3434278,15.9
81.2,7,2,8.4,345274,15.9
81,72,2,8.4,33628571,15.9
87,74,2,8.3,33245773,15.8
85,74,2,8.3,32887928,15.8
85,75,2,8.2,325755,15.8
81,76,2,8,32312,15.8
80,77,2,7.8,31995,15.8
79.7,78,2,7.7,31676,15.8
79.5,79,2,7.7,31362,15.8
79.4,8,2,7.6,31819,15.8
79.1,82,2,7.6,37697,15.9
52.5,397,15,,45461,7.1
58,437,15,0.01,4515392,7.1
49.9,451,16,0.01,4499653,7.1
53,439,16,0.01,449416,7.1
49.8,443,16,1.66,4476153,6.8
49.2,446,17,1.67,4448525,6.6
48.6,453,17,1.56,44423,6.4
47.6,477,17,1.52,4345386,6.3
46.8,495,17,1.5,42758,6.2
46.3,56,17,1.54,421758,6
45.9,511,17,1.5,412791,5.9
45.7,512,17,1.5,45536,5.7
45.7,51,17,1.49,3981665,5.6
45.6,58,17,1.47,397612,5.4
45.6,54,17,1.52,383223,5.3
46,49,16,1.51,3754986,5.2
53.1,356,46,,149413,7.3
52.6,362,46,0.01,13569438,7.3
52.2,366,46,0.64,13133589,7.3
51.8,367,46,0.62,1275135,7.3
51.6,365,46,0.56,12288651,6.7
51.2,364,46,0.5,1188722,6.7
57,37,46,0.47,1152786,6.3
49.6,394,46,0.45,11133861,6
49.4,394,46,0.42,177578,5.7
48.5,414,45,0.41,1421597,5.5
48.6,46,45,0.42,1679,5.6
48.5,45,44,0.34,97143,5.6
48.4,43,44,0.42,935321,5.4
48.1,43,43,0.36,91689,5.1
48,4,42,0.3,866312,4.9
47.6,44,41,0.25,8342559,4.7
85,82,2,,17762681,16.3
83,83,2,7.16,17613798,16.2
81,84,2,7.2,17462982,15.6
79.9,84,2,6.76,1739746,15.5
79.8,86,2,7.26,17153357,15.4
79.1,89,2,7.93,16993354,15.2
79.3,91,2,7.67,16829442,15.3
79.6,88,2,7.31,16661942,15.2
78.9,9,2,7.39,16491687,14.8
78.9,91,2,7.33,16319792,14.9
78.4,93,2,7.57,1614764,14.6
78,97,2,6.32,15973778,14.3
77.9,1,2,6.37,15799542,14
77.8,11,2,6.06,15623635,13.9
77.3,16,2,6.1,15444969,13.7
77.3,13,2,6.24,15262754,13.5
76.1,85,157,,137122,13.5
75.8,86,171,5.78,136427,13.1
75.6,88,185,5.79,135738,12.7
75.4,89,201,5.74,135695,12.4
75.2,91,215,5.63,134413,12.8
75,92,231,5.75,133775,12.5
74.9,93,248,4.88,133126,12.2
74.5,97,266,4.27,1324655,11.9
74.4,96,285,3.88,1317885,11.4
74.2,98,307,3.28,13112,11
73.9,99,332,2.92,13372,10.6
73.5,11,360,3.04,129675,10.2
73.1,13,391,2.96,12884,9.9
72.7,16,422,2.91,1284,9.7
72.2,11,457,2.84,127185,9.6
71.7,115,490,3.06,1262645,9.5
74.8,143,10,,48228697,13.6
74.6,144,11,4.38,47791911,13.6
74.4,145,11,4.41,47342981,13.3
74.3,143,11,4.44,46881475,13.2
74.2,144,12,4.37,4646646,13
73.6,15,12,4.28,4591897,12.8
73.6,15,13,4.34,45416181,12.4
73.5,146,14,4.45,4491544,12.2
73.5,144,14,4.66,44374572,11.9
73.1,147,15,4.53,43835722,11.5
73.1,144,15,4.38,43285634,11.1
72.8,148,16,4.26,42724163,11.3
72.4,15,16,4.25,42152151,11.6
71.8,163,17,4.45,41572491,11.5
71.5,165,17,4.43,498899,11.4
71.4,167,18,4.66,443958,11.3
63.5,227,1,,777424,11.1
63.2,23,1,0.01,759385,11.1
62.9,233,1,0.01,7415,10.9
62.5,237,2,0.01,723868,10.8
62.2,241,2,0.12,76569,10.6
61.8,246,2,0.15,689692,10.5
61.3,251,2,0.17,673252,10.3
61,255,2,0.12,657229,10.2
66,259,2,0.16,64162,10
63,262,2,0.25,626425,9.9
60,266,2,0.24,611627,9.7
59.8,269,2,0.27,597228,9.5
59.6,271,2,0.26,583211,9.2
59.5,271,2,0.08,569479,8.8
59.5,272,1,0.08,555888,8.5
59.5,272,1,0.09,542357,8.2
64.7,267,7,,,11.1
64.2,275,7,0.01,,11.1
63.9,274,7,0.01,,11.1
63.7,273,7,0.01,,10.2
62.9,285,7,3.82,,10.7
62,298,7,3.53,,10.5
68,314,7,3.47,,10.3
59.4,338,8,2.58,,10
58.2,354,8,2.75,,9.8
56.9,368,8,2.25,,9.6
55.3,394,8,2.03,,9.4
54.1,48,9,2.58,,9.2
53.2,417,9,2.45,,9.4
52.6,424,9,2.55,,9.5
52.7,419,9,2.3,,9.7
52.9,416,9,2.26,,9.8
,,0,0.01,,
79.6,95,1,,487852,14.2
79.5,96,1,3.45,4757575,13.9
79.4,96,1,3.42,47641,13.7
79.2,97,1,3.34,4654122,13.6
79,98,1,3.41,46474,13.4
78.1,16,1,3.58,454528,13.3
79.2,96,1,4.07,4488263,13.1
78.9,99,1,4.22,442958,12.9
78.9,93,1,4.2,4369469,12.8
78,16,1,4.15,438794,12.6
78.6,97,1,4.1,4247841,12.4
77.7,12,1,4.09,418738,12.2
78,1,1,4.04,4125971,12.1
78.3,99,1,4.17,46324,11.9
77.5,1,1,4.29,3996798,11.7
77.6,98,1,4.34,3925443,11.6
78,95,0,,42364,15.3
77.8,97,0,12.14,4238389,15.1
77.7,97,0,12.39,4255689,14.9
77.1,14,0,11.49,4267558,14.6
77,14,0,12.19,428622,14.5
76.6,16,0,12.1,4417781,14.2
76.3,19,0,12.21,442978,14.2
76,116,0,12.06,443458,14.3
75.8,114,0,12.56,4436,14.3
75.9,113,0,11.83,444,13.9
75.2,116,0,11.59,4442,13.6
75.4,114,0,13.11,4439,13.3
74.7,122,0,13.78,444,12.9
74.8,124,0,13.39,444,12.6
74.9,126,0,13.15,444,12.3
74.7,127,0,12.73,4426,12.2
79.1,92,1,,,13.9
79,93,1,4.37,,14
78.7,96,1,4.18,,14.7
78.7,96,1,4.16,,15.7
78.8,92,1,4.14,,16.5
78,98,1,4.13,,17.6
78.1,11,1,4.01,,17.7
77.9,12,1,4.26,,17.1
78.1,14,1,4.13,,16
78,14,1,4.17,,14.7
77.2,19,1,4.48,,14.2
77.3,17,1,4.38,,13.2
77.4,18,1,4.39,,12.9
77.7,19,1,4.1,,12.5
76.7,115,1,4.04,,12.3
76.9,115,1,3.92,,12.1
85,52,0,,116985,14.3
83,53,0,0.01,115239,14
81,54,0,9.04,1143896,13.8
80,56,0,10.55,113562,13.8
79.7,57,0,10.69,1124835,13.8
79.5,59,0,11.32,111267,14.6
79.3,6,0,10.8,19876,14.1
79.1,62,0,12.01,181563,13.7
78.9,63,0,11.56,163712,13.5
78.8,64,0,11.47,14559,13.4
78.7,65,0,11.41,127658,13.5
78.6,65,0,13.03,1141,13.4
78.5,66,0,10.62,993563,13
78.4,68,0,11.68,976966,12.5
78.2,69,0,10.16,96282,12.4
78.1,7,0,9.56,943286,12.5
78.8,86,0,,,
78.6,88,0,12.68,,
78.2,9,0,12.45,,
78,93,0,12.71,,
77.8,97,0,12.43,,
77.5,99,0,12.69,,
77.1,12,0,13.23,,
77,16,0,13.25,,
76.8,17,0,13.43,,
76.5,19,0,13.03,,
75.9,114,0,13.19,,
75.8,116,0,13.24,,
75.2,122,0,13.01,,
75.3,12,0,13.47,,
75.1,123,0,13.36,,
74.7,126,0,13.22,,
76,139,6,,,
73,142,6,0.01,,
71,146,6,3.35,,
69.8,149,7,3.61,,
69.4,153,8,3.39,,
69,157,8,3.12,,
68.7,161,9,3.35,,
68.6,164,9,3.16,,
68.5,166,9,3.13,,
68.5,165,10,3.28,,
68.5,165,10,3.21,,
68.4,165,11,3.13,,
68.1,165,12,3.13,,
67.6,167,14,3.08,,
66.6,177,16,2.53,,
65.4,192,18,3.52,,
59.8,258,236,,,
59.3,266,237,0.01,,
58.8,272,238,0.01,,
58.3,277,239,0.01,,
57.9,278,239,1.82,,
57.4,283,239,1.81,,
56.7,292,238,2.13,,
56.3,295,237,2.09,,
55.7,299,236,1.52,,
55,36,235,1.53,,
54.3,314,233,1.43,,
53.5,323,232,1.44,,
52.8,332,231,1.83,,
52.1,341,229,1.85,,
51.8,34,227,1.9,,
51.3,346,226,1.98,,
86,71,0,,5683483,19.2
84,73,0,9.64,5643475,19.2
81,75,0,9.5,5614932,18.7
80,76,0,9.26,5591572,18.4
79.7,79,0,10.47,557572,16.9
79.2,84,0,10.28,5547683,16.8
78.9,86,0,10.08,552395,16.8
78.8,88,0,10.7,5493621,16.8
78.4,93,0,10.99,5461438,16.7
78.1,93,0,11.02,5437272,16.9
78.1,92,0,11.28,5419432,16.6
77.7,98,0,11.27,544523,16.5
77.3,11,0,11.54,539574,16.3
77,14,0,11.34,5375931,16.6
77,12,0,11.56,5358783,16.2
76.9,12,0,11.69,5339616,16.5
63.5,241,1,,927414,6.3
63,252,1,0.38,912164,6.3
62.7,256,1,0.53,896688,6.3
62.2,263,1,0.52,881185,6.3
61.8,268,1,0.39,865937,5.9
61.3,273,1,0.44,851146,5.5
69,279,1,0.49,83684,5.3
62,289,1,0.49,822934,5
59.8,296,1,0.45,8942,4.5
59.1,39,2,1.02,79628,4.3
58.6,318,2,1.23,783254,4
58.1,326,2,1.18,77752,3.7
58,325,2,1.02,758615,3.5
57.9,322,2,1.03,746221,3.3
57.7,323,2,0.95,732711,2.9
57.4,325,2,1.34,717584,2.9
,,0,0.01,,12.7
73.9,152,6,,1528394,13.2
73.6,154,6,5.92,145844,13.2
73.4,157,6,5.93,1281296,13.2
72.1,174,6,5.93,115495,13.1
73.1,16,6,5.91,12795,13
72.7,166,6,6.02,9897985,12.9
73.6,157,6,6.05,9767758,12.9
73.3,161,6,6.12,963652,12.8
72.9,164,6,6.05,954353,12.7
72.3,178,7,6.2,9371338,12.6
69.7,28,7,5.71,9237566,12.6
69.3,214,7,5.16,912998,12.5
73,22,7,6.32,896776,12.4
71.4,189,7,6.43,8832285,12.3
71.2,188,7,6.13,8697126,12.3
72,176,7,6.58,8562622,12.2
76.2,118,6,,16144368,14
76,121,6,3.82,1593112,14
76,121,6,3.77,15661547,13.4
75.5,127,7,3.92,15419666,13.3
75.3,131,7,3.99,15177355,13.2
75,134,7,3.95,1493469,13.1
75.1,137,7,3.87,14691275,13.1
74.6,139,7,3.76,14447562,13
74.7,14,7,3.63,1425453,12.9
74.4,144,8,3.52,1396748,12.8
74.2,151,8,3.54,13735233,12.8
74.4,148,8,3.65,1359647,12.7
74.4,151,8,3.69,1328961,12.6
73.6,157,8,3.88,13726,12.5
73.4,158,9,4.13,12852755,12.4
72.8,163,9,3.99,12628596,12.4
79,159,51,,,13.1
78,161,53,0.21,,13.1
79,159,54,0.21,,12.8
72,165,54,0.23,,12.4
74,168,55,0.22,,12.4
70,173,54,0.22,,12.2
69.9,174,54,0.21,,12
69.8,172,54,0.24,,11.9
69.7,171,55,0.21,,11.7
69.5,175,55,0.18,,11.5
69.4,174,56,0.16,,11.4
69,176,57,0.16,,11.2
68.6,178,59,0.15,,11.3
68.7,177,61,0.15,,11.2
68.6,177,63,0.14,,11.1
68.8,171,65,0.14,,11
73.5,178,2,,6312478,13.2
73.3,181,2,2.52,6281189,13.2
73,184,2,2.42,625777,13.2
73,181,2,2.48,6221246,13.2
72,197,2,2.37,619256,13
72,191,2,2.36,6164626,12.9
71.4,23,2,2.55,6137276,12.8
71.7,194,2,2.68,61131,13.4
71.2,23,2,2.83,683475,12.9
75,211,3,2.77,656478,12.9
71,213,3,2.77,628961,12.7
70,215,3,2.9,6775,12.4
69.9,29,3,3.1,5971535,12
73,24,3,2.97,59433,11.8
68.9,219,4,2.88,595962,11.6
69,218,4,2.79,5867626,11.3
58.2,32,3,,1175389,9.2
57.9,32,3,0.01,1129424,9.2
57.4,327,3,10.72,183746,9.2
56.7,337,3,11.89,138593,9.2
56.2,344,3,10.99,99429,9.2
56.1,339,3,9.93,95114,9.2
55.7,34,3,7.97,99111,9.1
55.4,338,3,8.34,868418,9.1
55,339,3,6.86,829327,9
54.8,337,3,7.28,792217,9
54.4,337,3,7.19,757317,8.7
54.1,336,3,6.28,724817,8.5
53.8,334,3,7.13,694611,8.4
53.5,334,3,6.01,66647,8.2
53.1,334,3,5.07,639762,8
52.7,336,3,4.46,614323,0
64.7,255,5,,,5
64.4,261,5,0.01,,5
64,266,6,0.01,,5
63.6,274,6,0.01,,5
62.9,286,6,0.62,447469,5
62.1,298,6,0.61,43984,5.1
61.4,311,6,0.63,431334,5.2
67,322,6,0.49,4232636,5.2
62,329,6,1.23,4153332,5.3
59.7,336,7,0.97,466648,5.3
59.4,34,7,1.07,39697,5.4
59.1,342,7,0.64,3858623,5
58.8,343,7,0.56,3738265,4.7
58.5,343,7,0.83,3614639,4.4
58.1,345,7,0.61,3497124,4.3
45.3,593,7,0.83,339281,3.9
77.6,119,0,,131547,16.5
77.3,122,0,0.01,1314545,16.5
76.9,127,0,0.01,1317997,16.5
76.3,135,0,0.01,1322696,16.5
76.1,138,0,0.01,1327439,16.4
75.6,137,0,14.97,1331475,16.2
74.9,156,0,15.04,1334515,16.1
74.2,167,0,16.99,13379,16.1
73,189,0,17.87,13468,16.1
73,188,0,16.58,134681,16.1
72.8,189,0,15.52,1354775,15.9
72.3,195,0,15.07,136255,15.7
71.9,199,0,11.64,13772,15.6
71.2,211,0,11.48,137935,15.4
78,225,0,0.01,1388115,15
78,218,0,0.01,1396985,14.4
64.8,225,136,,9987333,8.4
64.2,234,140,0.01,97366774,8.4
63.7,237,145,1.86,94887724,8.4
63.3,241,150,1.84,92444183,8.4
62.6,249,156,1.32,946756,8.2
61.8,261,162,1.34,877267,8.1
68,274,169,1.17,85416253,8.1
59.8,289,177,1.13,83184892,7.6
58.5,39,186,1.06,8149,7.1
57.2,328,196,1.22,7885689,6.6
56,343,206,0.99,7672783,5.8
55,354,217,0.86,7462445,5.4
54,363,228,0.79,72545144,5.2
53.2,369,237,0.8,7497192,4.9
52.5,372,246,0.85,68492257,4.3
51.2,391,253,0.88,66537331,3.9
69.9,188,0,,892149,15.3
69.7,19,0,0.01,88586,15.2
69.6,192,0,0.01,879715,15
69.4,195,0,0.01,873596,14.9
69.2,197,0,0.01,86786,14.7
69.1,2,0,2.25,85995,14.6
68.9,23,0,2.31,851967,14.5
68.7,26,0,1.95,84334,14.3
68.6,29,0,2.09,834812,14.2
68.5,211,0,2.06,827411,14
68.3,214,0,2.02,821817,13.9
68.1,218,0,1.63,818354,13.4
68,22,0,1.76,816628,13.3
67.9,22,0,1.85,815691,13.3
67.8,221,0,1.93,814218,13.2
67.7,221,0,2.05,811223,13.1
81.1,76,0,,5479531,17
89,78,0,8.8,5461512,17
87,79,0,8.97,5438972,17
84,82,0,9.24,5413971,17
83,86,0,9.81,5388272,16.9
79.9,89,0,9.72,5363352,16.8
79.7,91,0,9.96,5338871,17
79.6,94,0,10.26,5313399,17.1
79.3,96,0,10.45,528872,17.2
79.2,96,0,10.15,5266268,17.2
78.9,11,0,9.95,524696,17.1
78.7,12,0,9.89,5228172,18.3
78.4,98,0,9.31,521314,18.1
78.1,98,0,9.25,52598,18
78,1,0,8.94,51888,17.7
77.5,15,0,8.59,517629,17.3
82.4,78,2,,6662468,16.3
82.2,79,3,11.5,66331957,16.2
82,81,3,11.1,6599857,16.2
81.5,83,3,11.5,6565979,16.1
81.7,83,3,11.8,65342776,16.1
81.3,86,3,11.7,6527512,16
81.1,88,3,11.8,647744,16
89,88,3,11.9,6437499,16.1
89,89,3,12.2,6416229,16.1
86,92,3,12.4,63621376,16.1
81,93,3,12.2,63179356,15.5
82,94,3,13.18,6274897,15.5
79.3,99,3,13.49,62244884,15.4
79.2,11,3,13.78,6185267,15.5
79,13,3,13.89,61357431,15.6
78.8,13,3,13.63,6912498,15.7
66,229,2,,193175,12.6
65.5,237,2,0.01,1875713,12.6
64.6,255,2,8.86,1817271,12.5
63.5,276,2,8.3,1756817,12.5
62.8,289,2,8.9,169711,12.5
62.3,294,2,8.85,16421,12.5
61.7,31,2,8.64,1586754,12.4
61.6,298,2,8.75,1536411,12.4
61.6,291,2,9.02,1489193,12.4
61.4,288,2,8.01,1444844,12.4
65,37,2,7.72,143126,12.4
59.7,322,2,8.13,136425,12.3
59.7,32,2,6.47,1328146,12.3
59.7,315,2,8.34,129449,12.3
59.8,37,2,9.29,1262259,12.3
61,296,2,8.87,1231122,12.2
61.1,262,3,,,8.9
68,266,3,0.01,,8.9
66,266,3,0.01,,8.9
62,269,3,0.01,,8.8
59.8,277,3,3.41,,8.7
59.3,284,3,3.48,,8.8
59,286,3,2.99,,8.9
58.7,287,3,2.79,,8.6
58.5,288,3,2.64,,8.4
58.2,288,3,2.93,,8.1
57.7,294,3,2.26,,7.8
57.3,296,3,2.51,,7.6
57,297,3,2.47,,7.3
56.6,298,3,2.08,,7
56.3,3,3,2.25,,6.8
55.9,33,3,2.18,,6.5
74.4,129,1,,37171,13.9
74.5,125,1,6.13,3727,13.5
74.5,128,1,5.91,3776,13.5
74.2,13,1,7.71,3825,13.4
73.9,127,1,8.14,3875,13.3
73.8,132,1,7.24,3926,13.3
73.2,133,1,6.66,3978,12.8
73.9,128,1,7.17,43,13.1
74.4,12,1,8.65,482,12.5
73.9,126,1,6.18,4136,12.6
73.9,128,1,4.7,419,12.2
72.3,134,1,3.74,4245,12
72.7,132,1,3.36,431,11.8
71.7,142,2,2.72,4357,11.8
73,121,2,2.76,43864,11.7
71.8,129,2,3.28,44183,11.4
81,68,2,,81686611,17.1
89,69,2,11.03,89825,17
86,71,2,10.94,864565,16.9
86,71,2,11.18,8425823,16.9
85,74,2,11.2,8274983,16.8
81,76,2,11.2,8177693,16.7
80,79,2,11.22,819237,16.7
79.9,8,2,11.36,821197,16.6
79.8,82,3,11.5,82266372,16.6
79.6,84,3,11.76,82376451,16.5
79.2,85,3,11.67,82469422,16.4
79.1,86,3,11.83,8251626,16.4
78.5,9,3,11.92,82534176,16.3
78.4,91,3,12.25,82488495,16.3
78.3,92,3,12.46,82349925,16.2
78,95,3,12.91,8221158,16.2
62.4,249,37,,27582821,11.4
62.1,253,37,0.01,26962563,11.7
61.9,254,38,0.01,26346251,11.5
61.6,257,39,0.01,2573349,11.2
61.2,263,40,1.64,25121796,10.9
69,267,40,1.69,2451214,10.5
66,271,41,1.76,2393831,10.4
63,275,41,1.78,2329864,9.8
59.9,28,41,1.25,227212,9.1
59.4,288,41,1.7,22113425,8.7
58.9,296,41,1.5,215429,8.1
58.3,34,41,1.46,2986536,7.7
57.9,38,41,1.53,2446782,7.9
57.6,31,42,1.6,19924522,7.6
57.4,39,42,1.49,1942165,8
57.2,38,43,1.6,18938762,7.7
81,72,0,,182883,17.2
88,73,0,7.53,1892413,17.2
86,74,0,7.46,1965211,17.1
84,76,0,8.2,114511,16.8
85,76,0,8.02,1114899,16.7
83,76,0,9,11121341,16.4
80,78,0,9.08,111717,16.2
79.9,77,0,9.51,1177841,15.9
79.4,8,0,9.67,1148473,16.4
79.7,77,0,9.42,112362,16.3
79.3,81,0,9.95,1987314,15.6
79.2,81,0,9.56,1955141,15.3
79.1,81,0,9.46,19287,15.2
79,81,1,8.09,19222,14.6
78.7,83,1,8.62,1862132,14.2
78.2,84,1,8.48,18588,13.9
73.6,142,0,,,15.8
73.5,143,0,8.42,,15.8
73.3,144,0,8.25,,15.8
73.1,146,0,8.07,,15.8
72.9,15,0,7.84,,15.8
72.6,154,0,7.91,,15.8
72.4,158,0,8.42,,15.6
72.1,162,0,8.92,,15.4
71.9,164,0,9.06,,15.3
71.7,167,0,9.06,,15.1
71.5,169,0,8.8,,14.9
73,187,0,8.43,,14.8
71.1,173,0,9.75,,14.6
79,176,0,10.71,,14.4
77,178,0,9.61,,14.3
74,182,0,9.4,,14.1
71.9,186,10,,16252429,10.7
71.7,187,10,1.88,15923559,10.7
71.4,189,11,1.93,15596214,10.7
71.3,189,11,2.02,1527156,10.6
71.1,193,11,2.16,14948919,10.5
77,196,12,2.14,1463417,10.5
76,198,12,2.14,1431628,10.4
79,19,13,2.21,146366,10.4
75,192,13,2.4,137286,10.1
69.7,24,14,2.38,133978,9.8
69.2,28,14,2.35,139628,9.6
69.6,21,15,2.4,12796925,9.3
69.4,24,15,2.45,125478,9
69.3,21,16,2.41,1228848,8.8
68.4,211,16,2.53,11924946,8.5
67.7,221,17,2.63,1165743,8.2
59,284,26,,1291533,8.8
58.1,299,27,0.01,118559,8.6
58.8,284,27,0.01,11536615,8.5
58.4,288,28,0.01,11281469,8.5
58.1,29,28,0.22,113517,8.4
57.8,291,29,0.2,179417,8.3
57.3,297,29,0.18,1556524,8.1
56.8,33,30,0.21,1323142,7.9
56.4,36,31,0.19,196727,7.6
55.6,317,31,0.16,9881428,7.1
54.7,327,32,0.21,9679745,6.6
54,334,33,0.34,949229,5.1
53.3,338,34,0.18,939848,5.9
52.9,337,35,0.21,9137345,5.5
52.5,336,36,0.17,8971139,5.1
52.5,328,37,0.17,888546,4.8
58.9,275,4,,177526,9.2
58.4,282,4,0.01,1725744,9.2
58.1,279,4,0.01,1681495,9.1
57.6,285,4,0.01,1638139,9.1
57.1,289,4,3.57,1596154,9
56.7,287,4,3.21,155588,8.9
56.3,288,4,2.55,1517448,8.9
55.6,297,5,2.64,148841,8.8
55,32,5,2.98,1445958,8.8
54.4,36,5,3.22,1412669,8.3
53.9,37,5,3.1,138838,8
53.5,38,5,2.58,135345,7.7
53,38,5,2.16,132122,7.4
52.8,35,5,2.47,1293523,7.1
52.5,32,5,2.55,1267512,6.7
52.1,3,5,2.84,1243229,6.4
66.2,215,0,,768514,10.3
66,217,0,7.64,763393,10.3
65.9,218,0,7.56,75881,10.3
65.8,22,0,7.57,75391,10.6
65.6,229,0,7.56,7491,10.3
65.9,221,0,7.52,746556,10.2
66.1,218,0,7.49,745693,10.5
66.3,218,1,7.32,746314,10.7
65.7,232,1,7.2,747869,11.2
65.2,24,1,7.04,74961,11.7
65,238,1,7.35,75946,11.4
65.1,237,1,7.84,751652,11.2
65.3,237,1,7.93,751857,11.1
65.3,244,1,7.73,751884,11
65.4,247,1,6.71,752263,10.9
65.4,246,1,6.63,75331,10.9
63.5,24,14,,171161,9.1
63.1,245,14,0.01,1572466,9.1
62.7,253,14,5.68,1431776,9.1
62.3,259,15,5.68,128921,8.9
62.3,259,15,5.68,114554,8.7
36.3,682,23,5.76,9999617,8.6
62.5,251,16,5.85,985287,8.5
62.1,259,16,5.95,97529,8.4
61.8,266,17,6.08,9556889,8.4
61.1,28,17,6.18,949457,8.3
65,29,17,5.57,926344,8.2
58.7,32,18,6.1,9119178,8.1
59.7,3,18,6.64,8976552,8.1
59.3,33,19,6.1,8834733,8
58.9,35,19,6.22,8692567,7.9
58.6,35,20,4.79,85492,7.8
74.6,147,3,,896829,11.2
74.5,149,3,2.87,889216,11.4
74.3,15,4,3.11,8657785,11.6
74.1,151,4,3.11,855646,11.6
73.9,153,4,3.1,83516,11.7
73.6,156,4,3.1,8194778,11.5
73.4,157,4,3.08,83521,11.3
73.2,159,4,3.14,7872658,11.1
73,16,5,3.16,777972,10.9
72.8,161,5,3.23,754146,10.8
72.5,163,5,3.23,737343,10.6
72.2,165,5,3.02,724153,10.4
71.9,166,6,3.04,733821,10.3
71.6,169,6,3.09,6863157,10.1
71.3,171,6,2.74,669361,9.9
71,174,6,2.61,6524283,9.8
75.8,134,0,,984328,15.6
75.6,137,0,0.01,9866468,15.8
75.5,139,0,10.88,989382,15.4
75,146,0,11.27,992362,15.4
74.8,15,0,11.51,9971727,15.4
74.5,156,0,10.78,123,15.3
74.2,162,0,11.46,12265,15.3
74.1,165,1,11.64,138188,15.3
73.5,176,1,12.55,15578,15.3
73.4,177,1,13.16,17137,15.2
72.9,182,1,12.94,18765,15
72.9,18,1,13.28,117146,15.3
72.5,184,1,13.24,1129552,14.9
72.5,184,1,13.29,115868,14.6
72.3,185,1,13.18,1187576,14.2
71.7,193,1,12.22,121971,13.9
82.7,49,0,,33815,19
82.5,49,0,7.45,327386,19
82.4,5,0,7.31,323764,19
82.5,5,0,7.81,32716,18.7
82.1,51,0,8.13,31914,18.6
81.8,53,0,8.25,31841,18.4
81.6,55,0,10.22,318499,18.4
81.4,58,0,8.49,317414,18.2
81.3,59,0,7.53,311566,18.2
81.1,61,0,7.2,33782,18.1
81,62,0,7.05,296734,17.9
88,65,0,6.79,29274,18.3
87,65,0,6.61,289521,17.6
84,7,0,6.61,287523,17.2
80,72,0,6.37,284968,17.1
79.7,74,0,6.17,28125,16.8
68.3,181,910,,1395398,11.6
68,184,957,3.07,1293859294,11.6
67.6,187,1000,3.11,127856227,11.5
67.3,19,1100,3.1,126365852,11.3
66.8,193,1100,3,124723629,10.8
66.4,196,1200,2.77,12398691,10.4
66,2,1300,2.5,121427132,10.5
65.5,23,1300,1.93,119714696,10.2
65.2,26,1400,1.59,1179681239,9.9
64.8,28,1500,1.37,1161977719,9.7
64.4,211,1500,1.27,1144118674,9.4
64,214,1600,1.2,1126135777,9.2
63.7,216,1700,1.19,11827848,8.6
63.3,219,1700,1.1,18987112,8.4
62.9,222,1800,1,171477855,8.3
62.5,224,1800,0.93,1535912,8.3
69.1,176,114,,258162113,12.9
68.9,179,119,0.09,255131116,12.9
68.7,181,124,0.09,25232263,12.9
68.5,183,129,0.08,248883232,12.6
68.3,185,134,0.08,24577511,12.3
68.1,187,138,0.08,242524123,12.1
67.9,189,143,0.08,23934478,11.7
67.7,189,149,0.07,236159276,11.7
67.5,19,154,0.06,232989141,11
67.3,191,159,0.06,22983822,10.9
67.2,19,163,0.06,22671273,11.1
65.3,213,174,0.06,223614649,11
66.9,189,173,0.05,22545214,10.8
66.7,189,177,0.05,2175859,10.6
66.5,188,182,0.06,2145652,10.6
66.3,188,187,0.06,21154429,10.7
75.5,83,18,,,14.8
75.4,83,19,0.01,,14.9
75.3,83,20,0.01,,15
75.1,85,21,0.01,,13.6
74.7,93,22,0.03,,13.1
74.1,16,22,0.03,,12.9
73.3,122,23,0.03,,12.8
72.7,135,24,0.02,,12.1
72.4,138,25,0.02,,11.8
72.2,139,26,0.02,,11.4
72,139,27,0.01,,11.4
71.8,139,28,0.01,,11.8
75,154,29,0.01,,11.8
71.2,142,31,0.01,,11.9
78,146,33,0.01,,11.6
73,15,35,0.01,,11.6
68.9,182,32,,36115649,10.1
67.9,199,32,0.01,3568,10.1
69.5,17,32,0.01,33883145,10.3
76,147,32,0.01,32776571,10.5
77,144,32,0.17,3172753,10.4
76,145,32,0.19,376271,10.4
74,148,32,0.2,29894652,10.3
69.3,167,32,0.17,29111417,10.3
65.9,227,31,0.14,2839433,10.2
64.7,249,31,0.03,27697912,10.2
66.8,29,31,0.18,278426,10.1
67.2,21,30,0.32,2631669,9.8
66.5,213,30,0.07,25627626,9.4
74,14,30,0.15,24939299,9.1
72,142,30,0.17,24251649,8.7
70,144,30,0.2,23565413,8.6
81.4,64,0,,4676835,18.6
81.2,66,0,10.75,4617225,18.6
81,67,0,10.49,4598294,18.6
85,69,0,11.49,4586897,18.5
84,7,0,11.72,4576794,18.5
86,68,0,11.88,456155,18.2
79.7,77,0,11.41,4535375,17.9
79.8,75,0,12.66,4489544,17.9
79.5,75,0,13.59,4398942,17.6
79,78,0,13.44,4273591,17.6
78.7,78,0,13.31,4159914,17.5
78.3,82,0,13.32,47262,17.1
78,82,0,13.24,3996521,16.8
77.4,88,0,14.17,3931947,16.5
77,89,0,14.27,3866243,16.4
76.4,94,0,14.07,385174,16.2
82.5,58,0,,8381,16
82.2,6,1,2.62,82157,16
82.1,61,1,2.69,8595,15.9
81.8,6,1,2.78,7915,15.9
81.8,61,1,2.67,77658,15.8
81.7,61,1,2.63,76236,15.7
81.5,63,1,2.55,74856,15.6
81,65,1,2.47,7388,15.8
84,68,1,2.33,7181,15.7
84,68,1,2.23,7537,15.7
80,71,1,2.41,6931,15.8
81,69,1,2.23,689,15.9
79.7,71,1,2.32,66897,16
79.3,74,1,2.47,657,15.3
79.3,74,1,2.53,6439,15.1
78.9,76,1,2.53,6289,15.2
82.7,56,1,,673582,16.3
82.5,57,2,7.56,678914,16.3
82.3,58,2,7.35,6233948,16.5
82,6,2,7.49,59539717,16.6
82,6,2,6.98,59379449,16.4
81.8,6,2,6.95,59277417,16.4
81.6,61,2,7.25,5995365,16.3
81.5,61,2,7.96,58826731,16.3
81.3,63,2,8.37,5843831,16.1
81.2,65,2,8.44,58143979,16
88,66,2,8.65,57969484,15.8
89,66,2,8.98,57685327,15.6
79.9,72,2,9.3,5731323,15.4
80,72,2,9.25,57597,15.2
79.8,75,2,9.69,569741,14.9
79.4,77,3,9.78,5694218,14.8
76.2,125,1,,2871934,12.8
75.8,133,1,3.83,286287,12.8
75.6,136,1,3.79,285187,12.8
75.3,138,1,3.65,284992,12.8
75.2,139,1,3.58,2829493,12.8
75,138,1,3.55,281721,12.7
74.7,142,1,3.33,28482,12.7
74.5,145,1,3.51,279122,12.6
74.2,148,1,3.64,2775467,12.5
74,15,1,3.63,276279,12.5
73.5,161,1,3.59,2744673,12.4
73.3,165,1,3.67,2728777,11.1
73.1,166,1,3.48,2712511,11.9
73,167,1,3.76,2695446,11.7
72.7,171,1,3.89,267711,10.9
72.6,171,1,3.46,2656864,11.4
83.7,55,2,,127141,15.3
83.5,57,2,0.01,127276,15.3
83.5,56,2,7.55,127445,15.3
83.3,58,2,7.39,127629,15.3
82.5,64,3,7.39,127833,15.1
83,62,3,6.9,1287,15.1
83,64,3,7.09,12847,15
82.7,66,3,7.11,12863,15
82.6,67,3,7.29,1281,15
82.4,68,3,7.49,127854,14.9
82,69,3,7.99,127773,14.9
82.1,68,3,7.7,127761,14.8
81.9,7,3,7.83,127718,14.8
81.8,7,3,7.87,127445,14.7
81.5,72,4,8.03,127149,14.6
81.1,74,4,7.97,126843,14.5
74.1,112,4,,915932,13.1
74,113,4,0.41,88936,13.1
73.9,114,4,0.4,8413464,13.1
73.7,115,4,0.41,7992573,12.9
73.6,116,4,0.43,7574943,13.1
73.4,117,4,0.51,718239,13.2
73.3,118,4,0.59,6821116,13.6
73.1,119,4,0.61,6489822,13.6
73,12,4,0.6,6193191,13.6
72.8,121,4,0.59,5934232,13.7
72.4,127,4,0.55,5714111,13.8
72.5,125,4,0.54,5535595,13.5
72.3,127,4,0.54,5396774,13.2
72.1,129,4,0.54,5287488,13
71.9,131,4,0.55,5193482,12.7
71.7,133,4,0.49,51313,12.6
72,198,4,,17544126,15
69.9,22,5,6.29,17289224,15
69.5,28,5,6.48,1735275,15
69.1,214,6,6.82,16791425,14.7
68.5,224,7,6.63,165566,14.4
67.8,236,7,6.83,16321581,14.5
67.8,235,7,6.64,169271,14.6
66.6,258,8,7.6,15674,14.6
65.3,288,8,7.44,15484192,14.7
65,295,8,7.08,153884,14.3
64.6,294,8,6.94,1514729,13.9
64.7,287,8,6.55,1512985,13.5
64.4,282,8,6.58,149918,13.1
64.7,276,8,5.99,14858948,12.7
64.4,284,8,5.75,14858335,12.3
63.9,292,9,6,14883626,12.1
63.4,249,54,,47236259,11.1
62.9,255,56,0.01,462425,11.1
62.6,258,58,1.84,44826849,11.1
62.1,263,59,1.81,43646629,11.1
61.2,278,60,1.8,42486839,11.1
63,294,61,1.73,4135152,11.1
59.1,317,62,1.86,423724,10.7
57.9,339,64,1.71,39148416,10.4
56.8,356,66,1.97,388599,10.1
55.3,388,68,1.76,37525,9.7
54.1,412,70,1.82,3648288,9.6
53,432,72,1.43,3574931,8.9
52.4,437,74,1.49,3413852,8.2
52.1,437,76,1.66,332149,8.5
51.9,434,77,1.63,32321482,8.4
51.9,428,77,1.51,3145483,8.4
66.3,198,0,,11247,11.9
66.1,2,0,0.01,11458,11.9
65.8,22,0,0.01,18535,11.9
65.7,24,0,0.01,16613,11.9
65.5,26,0,0.53,14656,11.9
65.3,27,0,0.48,12652,11.9
65.2,28,0,0.54,1568,11.9
65.1,21,0,0.46,9844,11.6
65,211,0,0.68,96311,11.8
65,212,0,0.76,9426,12.1
64.9,213,0,0.6,92325,12.2
64.8,214,0,0.48,9542,12.4
64.7,215,0,0.5,88895,11.6
64.6,217,0,0.49,87343,11.7
64.3,219,0,0.6,85858,10.4
64.1,222,0,0.46,8446,10
74.7,81,0,,,13.3
74.6,82,0,0.01,,13
74.5,83,1,0.01,,13.1
74.3,84,1,0.01,,13.2
74.2,85,1,0.02,,13.4
74,86,1,0.01,,13.5
73.9,87,1,0.1,,13.6
73.8,88,1,0.03,,13.8
73.7,89,1,0.03,,13.9
73.6,89,1,0.01,,14.1
73.6,9,0,0.01,,14.2
73.5,91,0,0.02,,14.4
73.4,93,0,0.03,,14.1
73.3,94,0,0.01,,13.9
73.2,95,0,0.01,,14
73.2,96,0,0.01,,14.1
71.1,166,3,,,13
78,17,3,0.01,,12.8
77,174,3,0.01,,12.5
69.9,18,3,0.01,,12.3
69.4,188,4,3.28,,12.1
68.8,199,4,2.73,,12.2
68.5,21,4,2.39,,12.4
67.6,217,4,2.53,,12.6
67.2,229,4,2.77,,12.6
66.7,234,4,2.48,,12.5
66.9,224,4,2.81,,12.4
67.1,218,4,3.41,,12.5
66.6,217,4,3.52,,12.2
66.7,215,4,3.31,,12.1
67.2,217,4,2.62,,11.8
66.6,225,4,2.13,,11.4
65.7,194,8,,,10.8
65.3,199,8,0.01,,10.6
64.9,23,9,0.01,,10.4
64.4,28,9,0.01,,10.2
64,213,9,5.39,,9.9
63.6,218,10,5.95,,9.6
63.1,223,10,5.18,,9.4
62.6,228,10,5.1,,9.2
62.1,234,11,5,,9
61.5,24,11,3.69,,9
61,246,11,3.68,,8.7
64,252,12,3.53,,8.6
59.8,259,12,3.41,,8.3
59.3,265,13,3.33,,8
58.7,271,13,3.13,,8
58.1,278,14,5.16,,8
74.6,153,0,,1977527,16
74.4,156,0,0.01,1993782,16
74.1,161,0,10.37,212647,15.4
73.8,163,0,10.21,234319,15.5
73.6,169,0,10.14,25979,15.8
72.8,18,0,9.8,297555,16
72.6,184,0,9.85,2141669,16.4
71.9,199,0,11.84,2177322,16.3
78,221,0,12.12,22325,16.2
75,229,0,10.4,2218357,16.2
76,216,0,9.92,2238799,15.9
71,26,0,8.81,2263122,15.5
78,29,0,8.24,2287955,15.2
73,219,0,7.44,231173,14.8
69.9,228,0,6.68,233717,14.2
71,218,0,7.13,236755,13.7
74.9,98,1,,5851479,13.3
74.8,99,1,1.32,563279,13.3
74.9,97,1,1.29,527612,13.3
75,93,1,1.53,491644,13.3
75,93,1,1.57,4588368,13.2
74.9,94,1,1.58,4337141,13.3
74.7,95,1,1.62,4183156,13.2
74.5,98,1,1.67,411147,13.1
74.4,98,1,1.72,486466,12.9
74.1,1,1,1.82,45735,13.2
73.9,11,1,1.94,3986852,13.7
73.7,13,1,2.1,3863267,14.2
73.5,15,1,2.19,371464,14.8
73.2,17,1,1.98,3522837,15.2
73,11,1,2.19,3359859,15
72.7,112,1,2.26,3235366,14.9
53.7,484,4,,2174645,10.7
52.1,522,4,0.01,2145785,10.8
52.1,518,4,0.01,2117361,11.1
52.2,513,4,0.01,289928,11
52.3,52,4,2.39,264166,11
51.1,527,4,2.71,24551,10.9
49.4,566,4,2.75,21929,10.8
47.8,592,5,2.75,199993,10.7
46.2,633,4,2.69,1982287,10.6
45.3,654,5,2.61,1965662,10.7
44.5,675,5,2.67,1949543,10.7
44.8,666,5,1.8,1933728,10.7
45.5,648,5,1.99,191897,10.5
46.4,622,5,2.95,192312,10.4
47.8,586,5,2.86,1885955,10.3
49.3,543,5,3.1,1868699,9.6
61.4,259,8,,4499621,9.9
58.1,329,8,0.01,439737,9.9
61.1,258,9,0.01,4286291,9.8
67,261,9,0.01,4181563,9.6
62,266,9,3.72,47167,9.5
59.7,272,9,3.64,3948125,9.6
59.2,277,10,3.75,3811528,9.7
58.6,281,10,3.88,3662993,9.8
57.9,286,10,4.03,3512932,9.9
56.7,32,11,4.05,3375838,10
55.3,316,12,4.19,326123,10.1
54,329,12,4.24,3176414,10.2
50,42,13,4.21,3116233,10.3
56,371,13,4.27,362863,10.4
51.5,333,14,4.4,2991132,10.5
51.9,39,14,4.46,2884522,8.7
72.7,138,1,,,13.4
72.4,143,2,0.01,,13.4
72.9,134,2,0.01,,13.4
72.9,133,2,0.01,,13.7
71.3,161,2,0.01,,14
72.8,132,2,0.01,,14.3
72.7,132,2,0.01,,14.6
72.6,132,2,0.01,,14.8
72.5,132,2,0.01,,15.1
72.2,134,2,0.01,,15.4
71.9,138,2,0.01,,15.7
71.5,141,2,0.01,,15.9
71.3,144,3,0.01,,16
71.1,146,3,0.01,,15.8
71,147,3,0.01,,15.7
78,148,3,0.01,,15.5
73.6,165,0,,29491,16.5
73.4,169,0,15.19,2932367,16.5
73,178,0,15.04,2957689,16.4
73,176,0,15.14,2987773,16.5
72.8,18,0,12.66,328115,16.7
72.4,188,0,12.9,397282,16.8
72.2,192,0,12.4,3162916,16.6
71.1,224,0,13.3,3198231,16.5
72,24,0,13.4,3231294,16.4
76,229,0,12.7,326999,16.4
78,222,0,12.3,3322528,16.2
71.6,24,0,12.1,337775,16.3
71.6,22,0,11.29,3415213,15.8
71.4,22,0,11,344367,15.3
71.2,21,0,10.2,347818,14.7
71.6,2,0,9.87,3499536,14
82,63,0,,56964,13.9
81.7,65,0,11.12,556319,13.9
81.4,68,0,11.02,54336,13.9
81.1,7,0,11.34,53946,13.9
88,72,0,11.5,518347,13.9
86,73,0,11.36,56953,13.7
83,76,0,11.42,497783,13.5
80,8,0,11.53,48865,13.5
79.7,82,0,11.75,479993,13.5
79.4,85,0,11.98,472637,13.5
78.8,9,0,11.84,465158,13.5
78.7,92,0,12.42,45895,13.5
78.6,92,0,12.61,45163,13.6
78.3,95,0,12.91,446175,13.5
78,96,0,12.89,441525,13.4
77.8,98,0,13.14,4363,13.5
65.5,22,28,,2423488,10.3
65.1,225,29,0.01,2358981,10.3
64.7,23,29,0.87,22961146,10.3
64.3,235,30,0.87,22346573,10.2
63.8,241,31,0.97,21743949,10.2
63.3,248,32,1.03,2115164,10.2
62.8,254,33,0.91,2569121,9.7
62.3,259,34,0.68,19996469,9.4
61.9,261,35,0.71,19433523,9.1
61.4,263,36,0.68,1888268,9
69,265,37,0.72,18336724,8.9
64,267,38,0.81,1782997,8.7
59.9,268,40,0.93,17279141,8.5
59.3,271,41,0.9,16765117,8.3
58.7,276,42,1.05,1626932,8.2
57.9,283,44,1.16,1576686,8
58.3,365,26,,1757367,10.8
57.6,377,27,0.01,1768838,10.7
56.7,394,29,0.01,16577147,10.7
55.3,42,31,0.01,169735,10.7
54.1,441,32,1.23,15627618,10.6
52.9,462,35,1.08,1516795,10.2
51.5,491,36,1.16,1471462,9.9
50,525,36,1.27,14271234,9.6
48.5,559,37,1.18,1384969,9.7
47.1,587,38,1.18,13429262,9.6
46,66,39,1.04,1339711,9.7
45.1,615,40,1.11,1267638,10
44.6,613,43,1.08,12336687,10.3
44,67,46,1.1,1213711,10.4
43.5,599,48,1.15,11695863,10.1
43.1,588,51,1.18,11376172,10.7
75,123,4,,3723155,13.1
74.8,126,4,0.52,322817,13
74.6,128,3,0.53,2976724,12.9
74.5,129,3,0.53,2917456,12.9
74.3,13,3,0.51,28635128,13
74.1,131,3,0.49,28112289,12.8
74,131,3,0.47,2765383,12.6
73.8,132,3,0.47,2711169,12.5
73.7,133,3,0.43,26625845,12.3
73.6,134,3,0.42,26143566,12.7
73.4,135,3,0.46,25659393,12.9
73.2,137,3,0.49,2517419,12.7
73.1,138,3,0.48,2468873,12.1
72.9,14,4,0.49,24198811,12
72.7,144,4,0.53,2369897,11.9
72.4,149,4,0.54,2318568,11.6
78.5,61,0,,49163,12.7
78.2,62,0,0.01,41,12.7
77.9,64,0,0.01,393,12.4
77.6,65,0,0.01,385,12.1
77.3,67,0,1.92,377,11.8
76.7,73,0,1.83,367,11.6
76.3,75,0,1.59,36,11.8
75.9,81,0,1.76,362,11.8
75.4,82,0,1.78,349,11.9
75,88,0,1.62,333,12
74.3,93,0,1.47,321,12.1
73.4,16,0,1.6,312,12.2
72.7,112,0,1.75,34,11.8
71.8,124,0,1.95,297,12
78,129,0,1.98,292,11.8
69.6,139,0,1.83,286,11.3
58.2,266,52,,1746795,8.4
57.8,272,52,0.01,16962846,8.2
57.3,275,53,0.01,16477818,8
57.2,27,53,0.01,16667,7.7
56.8,271,54,0.61,1554989,7.5
56.5,273,54,0.6,157585,7.3
56,276,55,0.59,1466597,7.1
55.5,278,55,0.57,14138216,5.8
55,282,56,0.55,1367566,6.4
54.3,288,57,0.53,1322764,6.1
53.6,29,57,0.55,12798763,5.8
52.8,296,58,0.49,1239196,5.5
52,299,59,0.54,125128,5.2
51.2,31,60,0.53,11638929,4.9
55,34,60,0.51,11293258,4.6
49.8,37,60,0.47,196769,4.4
81.7,54,0,,431874,14.6
81.4,55,0,8.49,427364,14.3
81.1,57,0,8.58,423374,14.2
81,58,0,7.67,419455,14.1
87,59,0,6.91,416268,14.8
83,62,0,7.91,41458,14.6
82,63,0,7.38,412477,14.4
80,64,0,7.14,49379,14.6
79.6,65,0,7.45,46724,14.4
79.3,66,0,8.84,4538,14.8
79,67,0,6.41,43834,14.8
78.7,69,0,6.53,41268,14.2
78.5,71,0,6.7,398582,13.8
78.2,75,0,5.73,395969,13.8
77.8,79,0,5.62,39328,13.7
77.5,8,0,5.59,3987,13.8
,,0,0.01,,0
63.1,25,8,,4182341,8.5
63,26,8,0.01,46392,8.5
62.7,28,8,0.01,394617,8.2
62.5,29,8,0.01,383239,7.8
62.2,212,8,0.01,3717672,7.7
62,214,8,0.01,369543,7.6
61.7,215,8,0.01,356288,7.1
61.4,217,8,0.02,347541,7.2
61.2,219,8,0.02,3312665,7.4
69,221,8,0.01,322653,7.2
66,223,8,0.01,31372,7.2
64,224,8,0.01,342823,6.7
63,226,8,0.01,2957117,6.6
62,228,7,0.02,2873228,6.5
61,229,7,0.01,279729,6.5
60,23,7,0.03,279359,6.4
74.6,146,0,,126265,15.2
74.2,148,0,0.01,126934,14.7
74.1,147,0,0.01,1258653,14.7
73.9,154,0,0.01,1255882,14.3
73.6,158,0,3.03,125244,14.1
73.3,163,0,2.95,1254,14
72.8,166,0,2.83,1247429,13.8
72.7,166,0,2.49,1244121,13.6
72.9,161,0,3.24,123963,13.5
71.8,165,0,3.73,1233996,13.4
72.1,168,0,3.94,1228254,13
71.9,168,0,4.16,12213,12.8
71.5,174,0,4.08,121337,12.6
71.5,179,0,4.14,124621,12.5
71.5,177,0,4.38,1196287,12.2
71,177,0,4.6,1186873,12.1
76.7,122,30,,12589949,13.3
76.6,122,31,5.26,1242216,13.1
76.6,12,32,5.23,122535969,12.9
76.3,123,33,5.29,1282837,12.7
76.1,124,34,5.3,119917,12.6
75.6,127,35,5.21,117318941,12.5
75.7,13,36,5.27,11555228,12.5
75.6,127,37,5.36,11366189,12.3
76,123,38,5.35,111836346,12.3
75.8,125,40,5.11,1192378,12.2
75.3,126,42,4.93,18472228,12.2
75.4,124,44,4.9,16995583,12.1
75,127,46,4.88,1564453,11.9
75,127,49,4.77,1435568,11.6
75,126,52,4.86,136768,11.6
74.8,129,55,4.99,11719673,11.4
69.4,166,0,,,11.7
69.4,164,0,1.58,,11.7
69.2,166,0,1.67,,11.7
69,168,0,2.98,,11.7
68.9,169,0,1.89,,11.7
68.7,171,0,1.76,,11.5
68.5,172,0,2.06,,11.4
68.4,174,0,1.97,,11.2
68.2,175,0,1.64,,11
68,176,0,1.73,,10.9
67.9,178,0,1.9,,10.7
67.7,179,0,2.02,,10.5
67.5,18,0,3.15,,10.4
66.2,21,0,2.78,,10.2
67.2,183,0,2.82,,10.1
67,185,0,2.23,,0
,,0,0.01,,
68.8,222,1,,2976877,14.8
68.4,225,1,0.01,2923896,14.8
68.1,227,1,0.01,286917,14.7
67.8,231,1,0.01,2814226,14.7
67.3,235,1,0.01,2761516,14.6
66.3,25,1,5.8,271265,14.3
66.9,235,1,4.61,2668289,13.8
67.4,225,2,4.26,2628131,13.4
65.9,26,2,3.79,259167,13
65,271,2,2.91,255812,12.7
64.5,274,2,2.75,2526446,11.8
64,284,2,1.75,2496832,11.2
64,271,2,1.31,2469286,10.5
63.8,263,2,2.43,2443659,10.1
63.2,266,2,2.87,2419776,9.4
62.8,274,2,2.79,2397436,8.9
76.1,16,0,,622159,15.1
75.9,17,0,0.01,62181,15.1
75.8,19,0,0.01,62127,15.1
75.6,11,0,0.01,6261,15.1
75.4,113,0,6.56,6279,15.1
75.3,115,0,6.56,619428,15
75,117,0,6.45,618294,14.6
74.6,121,0,6.17,616969,14.2
74.2,125,0,4.98,615875,13.6
73.8,13,0,5.38,61525,13.2
73.6,133,0,,614261,12.8
73.5,134,0,0.01,613353,12.6
73.5,134,0,0.01,612267,0
73.4,136,0,0.01,69828,0
73.3,136,0,0.01,67389,0
73,144,0,0.01,6495,0
74.3,95,17,,3483322,12.1
74.1,96,18,0.43,3431882,12.1
73.9,97,18,0.45,33824769,12.1
73.6,99,19,0.55,33333789,11.6
73.3,14,19,0.54,32858823,11.2
72.8,11,20,0.56,3249639,10.7
72.3,116,20,0.62,31989897,10.5
71.8,123,21,0.51,31596855,10.3
71.4,128,21,0.56,31225881,10
71,133,22,0.58,3869346,10
77,137,22,0.47,35217,9.8
72,142,23,0.56,3179285,9.6
69.9,146,24,0.58,29843937,9.3
69.5,15,25,0.46,29512368,8.8
69,155,26,0.46,29181832,8.5
68.6,16,27,0.45,28849621,8
57.6,355,60,,281691,9.1
56.7,375,61,0.01,27212382,9.1
55.3,46,62,1.16,26434372,9.1
54.8,48,64,1.19,2567666,9.2
54.3,47,66,0.94,249395,9.5
54,47,69,0.96,2422145,9.3
53.8,4,70,1.18,2352463,9.2
53.2,45,72,1.48,22846758,8.8
52.1,425,74,1.03,22188387,8.2
51.2,434,78,1.2,21547463,7.9
58,434,80,1.23,29237,7.3
54,429,82,1.54,231275,7
51,424,85,1.68,19716598,6.7
49.8,416,87,2.16,19139658,6.2
49.5,48,90,2.09,18588758,5.8
49,43,93,1.14,1867687,5.4
66.6,199,39,,5243669,9.1
66.4,21,40,0.01,51924182,9.1
66.2,22,42,0.7,51448196,9.1
65.9,25,44,0.55,5986514,9.1
65.6,27,47,0.33,555331,9.1
65.4,29,49,0.3,5155896,8.8
65.2,211,52,0.28,49869,8.5
59.2,296,59,0.3,49479752,8.2
64.5,217,58,0.26,49171586,8.1
64.2,22,61,0.28,48846474,8
63.9,224,64,0.28,48482614,7.9
63.5,228,66,0.44,487377,7.8
63.2,231,69,0.4,47624894,7.7
62.8,235,71,0.41,471422,7.6
62.5,239,72,0.38,46627994,7.6
62.1,243,73,0.35,4695462,7.5
65.8,248,2,,2425561,11.7
65.9,242,2,0.01,237992,11.7
66.1,232,3,0.01,231652,11.6
65.8,232,3,0.01,2263934,11.5
64.3,268,3,7.84,2215621,11.5
63,299,3,7.58,217317,11.4
62.4,36,3,7.99,21374,11.4
61.7,317,3,6.28,216375,11.3
60,356,3,5.12,279915,11.3
57,431,3,4.94,255734,11.4
55.1,477,3,4.89,232196,11.6
54.7,483,3,4.8,29228,11.7
55,471,3,5.28,1986535,11.7
55.7,452,3,5.09,1962147,11.8
56.5,426,3,5.09,1933596,11.7
57.4,41,3,5.73,1899257,11.5
,,0,0.01,,9.6
69.2,165,17,,28656282,12.2
69.6,158,18,0.01,28323241,12.4
69.3,162,19,0.27,2798531,12.3
68.9,167,20,0.26,27649925,12.3
68.4,172,22,0.27,27327147,12
68,178,23,0.24,2723137,11.1
67.5,183,25,0.22,2674113,10.5
67,189,27,0.21,26475859,10.1
66.6,194,29,0.2,26214847,10
66,21,31,0.2,2594618,9.6
65.4,28,33,0.2,2564287,9.4
64.7,218,35,0.21,2539449,9.3
64.3,22,38,0.2,2495623,9.2
63.1,238,40,0.19,24566342,8.6
63.2,23,43,0.09,24161777,9
62.5,238,46,0.08,2374911,8.9
81.9,57,1,,16939923,18.1
81.7,58,1,0.01,168658,18.1
81.4,6,1,8.68,1684432,18.1
81.1,62,1,9.05,16754962,18.1
81.1,63,1,8.96,1669374,17.2
88,64,1,9.33,16615394,17
86,65,1,9.23,1653388,16.9
83,68,1,9.62,16445593,16.8
82,68,1,9.53,16381696,16.6
79.8,71,1,9.79,1634611,16.5
79.4,72,1,9.69,16319868,16.4
79.2,77,1,9.56,16281779,16.5
78.7,8,1,9.56,1622532,16.5
78.4,81,1,9.68,16148929,16.9
78.3,82,1,9.95,164618,16.7
78.1,84,1,10.06,15925513,16.5
81.6,66,0,8.7,,19.2
81.5,67,0,9.07,,19.2
81.3,69,0,9.18,,19.3
81.1,7,0,9.2,,19.5
86,72,0,9.47,,19.7
89,71,0,9.62,,20.3
85,73,0,9.24,,19.3
81,75,0,9.49,,19.5
81,76,0,9.19,,19.2
79.9,76,0,9.34,,19.1
79.9,78,0,9.31,,18.9
79.2,79,0,9.15,,18.4
79.1,82,0,8.91,,18.2
78.7,83,0,9.13,,17.5
78.5,83,0,8.75,,17.4
78.6,87,0,8.91,,17.2
74.8,145,2,,68235,11.7
74.5,148,2,3.55,613997,11.6
73.9,157,2,3.58,5945747,11.5
73.9,157,2,3.63,587718,11.5
74.5,147,3,3.39,58782,11.5
73.2,154,3,3.38,5737723,11.4
73.2,163,3,3.36,5666581,11.3
72.5,169,3,3.64,559456,11.1
72.5,173,3,3.83,552216,11
73,17,3,3.69,545211,11
71.2,194,3,3.7,5379328,11
71,194,4,3.81,53973,11
76,198,4,3.77,524879,11
75,197,4,3.5,5171734,10.7
73,193,4,3.51,5175,10.4
73,192,4,3.61,526796,10.1
61.8,22,49,,19896965,5.4
61.4,223,49,0.01,19148219,5.3
69,227,49,0.01,18426372,5.3
63,232,49,0.01,17731634,5.1
59.4,241,50,0.15,1764636,4.8
58.2,252,50,0.12,16425578,4.5
57.1,263,51,0.11,15813913,4.2
56,272,52,0.12,15228525,4
55.2,276,53,0.1,14668338,3.8
54.5,277,54,0.11,1413264,3.7
53.7,278,55,0.11,13618449,3.5
52.9,279,56,0.11,1312712,3.1
52.1,28,56,0.1,1265687,3
51.4,282,57,0.1,12262,2.9
56,283,57,0.11,11771976,2.9
50,284,58,0.1,11352973,2.8
54.5,344,483,,181181744,10
53.6,362,490,0.01,1764652,10
53.2,367,498,8.3,17182933,9.8
52.7,374,505,8.54,167297284,9.7
52.3,375,513,8.75,16287776,9.6
52,374,521,8.9,158578261,9.5
51.6,376,527,9.05,15442181,9.3
59,386,536,9.3,1534739,9.2
55,388,542,9.55,14641724,9.1
49.8,396,549,9.66,14261494,9
49.2,4,556,9.71,138939478,8.9
48.5,47,563,9.76,135393616,8.5
48.1,41,567,9.75,131972533,8.1
47.7,49,571,9.61,12866671,7.7
47.4,48,574,9.58,125463434,8
47.1,45,576,9.23,1223529,7.6
,,0,0.01,,
81.8,59,0,5.97,518867,17.7
81.6,61,0,6.06,5137232,17.7
81.5,62,0,6.21,579623,17.5
81.3,61,0,6.21,518573,17.6
81.1,67,0,6.53,495388,17.6
81,66,0,6.59,4889252,17.4
89,67,0,6.68,4828726,17.4
86,67,0,6.75,4768212,17.6
85,67,0,6.6,479153,17.6
84,7,0,6.47,466677,17.5
81,73,0,6.37,4623291,17.6
79.8,77,0,6.22,459191,17.5
79.4,78,0,6.04,4564855,17.1
78.9,81,0,5.89,4538159,17.1
78.8,82,0,5.49,4513751,17.5
78.5,85,0,5.67,449967,17.1
76.6,99,1,,,13.7
76.4,11,1,0.4,,13.7
76.2,12,1,0.46,,13.7
76,14,1,0.51,,13.7
75.8,15,1,0.54,,13.6
75.6,16,1,0.56,,13.5
75.4,18,1,0.56,,12.4
75.2,19,1,0.57,,11.9
74.9,113,1,0.57,,11.5
74.7,115,1,0.58,,11.6
74.3,118,1,0.63,,11.5
74,122,1,0.61,,11.5
73.6,127,1,0.56,,11.2
73.3,13,1,0.54,,11
72.9,134,1,0.55,,10.7
72.6,138,1,0.38,,10.4
66.4,161,352,,18938513,8.1
66.2,162,359,0.01,185546257,7.8
66,163,365,0.04,181712595,7.7
65.7,165,369,0.04,177911533,7.6
65.5,167,371,0.04,174184265,7.5
65.1,172,372,0.04,1756182,7.5
64.8,175,371,0.03,1674958,7.3
64.6,177,369,0.03,16364463,7.3
64.4,178,367,0.03,16332974,6.7
64.2,179,365,0.03,15793993,6.5
62.9,2,364,0.04,15399667,6.1
63.7,183,364,0.01,15783,5.6
63.5,185,366,0.01,1477341,5.6
63.2,187,371,0.01,144654143,5.5
63,189,377,0.01,14161437,5.4
62.8,19,385,0.02,138523285,5.3
,,0,,292,14.2
77.8,118,1,,3969249,13
77.6,119,1,6.74,393986,13
77.5,118,1,6.89,3838462,12.9
77.2,12,1,6.95,3772938,12.8
77.3,121,1,6.9,377782,12.9
76.5,122,1,6.94,3643222,12.8
76.8,127,1,6.87,3579385,12.8
76.5,127,1,6.74,3516268,12.8
76.4,124,1,6.16,345387,12.9
76.2,125,1,5.72,339195,12.9
75.8,122,1,5.53,333465,12.9
75.8,123,1,5.69,3269541,12.8
75.5,126,1,5.52,329174,12.8
75.7,125,1,5.52,3149265,12.6
75.5,124,2,5.43,389684,12.4
75.7,121,2,5.58,33347,12.1
62.9,275,10,,7919825,10
62.7,278,10,0.01,7755785,10
62.4,281,10,0.01,7592865,10
62.2,284,10,0.01,743836,9.9
62,285,10,0.88,7269348,9.9
61.8,286,10,0.79,718239,9.6
61.6,288,11,0.82,6947447,9.2
61.4,29,11,0.81,6787187,8.9
61.1,295,11,0.71,6627922,8.6
68,299,11,0.64,647272,8.2
64,37,11,0.84,631479,7.9
59.9,314,11,0.58,6161517,7.6
59.6,321,11,0.59,61724,7.2
59.3,327,11,0.61,5862316,6.9
59.1,331,11,0.68,5716152,6.6
58.9,335,11,0.73,5572222,6.2
74,146,2,,6639119,12.3
73.9,147,3,0.01,6552584,12.3
73.8,148,3,5.03,646574,12.3
73.6,148,3,5.36,6379219,12.3
73.4,15,3,5.79,6293783,12.3
73.2,152,3,5.65,629877,12.4
73,155,3,5.39,6127837,12.1
72.7,157,3,6.14,647117,11.9
72.5,159,3,5.61,5966159,12
72.3,161,3,5.61,5882796,12.1
72.1,163,3,6.38,5795494,12.3
71.9,165,3,6.2,57374,12.1
71.7,166,4,6.64,56795,12.7
71.5,168,4,5.66,558611,12.2
71.2,17,4,6.66,546624,11.8
79,172,4,6.78,5327,11.6
75.5,123,8,,31376671,13.4
75.3,125,8,0.01,3973354,13.4
75.3,125,8,5.38,3565716,13.4
74.9,129,9,5.14,3158966,13.4
74.5,133,9,4.83,29759989,13.4
73.7,14,10,4.72,29373646,13.3
73.8,14,10,4.69,29157,13.3
73.9,138,11,4.85,2864198,13.2
74,133,11,4.29,28292724,13.2
74.2,134,12,4.22,27949944,13
72.8,148,13,4.44,276141,13
72.2,151,14,4.27,27273194,12.8
72.1,152,15,4.5,26937738,13.3
72.6,144,16,4.03,2661467,13.9
72.4,142,17,4.22,26261363,13.4
71.4,154,18,4.59,25914879,13.5
68.5,211,52,,11716359,11.7
68.4,214,54,4.52,112249,11.7
68.1,219,55,4.61,9848132,11.7
68.1,217,56,5.02,96866642,11.6
68,218,57,4.96,9527794,11.5
67.9,218,58,4.85,93726624,11.4
68,219,59,4.42,9222879,11.7
67.5,217,60,4.21,9751864,11.5
67.5,216,62,4.19,8929349,11.4
67.3,219,63,4.08,8789419,11.5
67,223,65,4.22,86274237,11.6
67.3,218,66,4.45,84678493,11.6
67.2,217,67,4.44,8331954,11.6
66.8,221,68,4.42,813526,11.4
66.8,221,68,4.54,79665315,11.4
66.8,219,69,4.73,77991569,11.4
77.5,117,2,,37986412,16.4
77.3,12,2,10.71,3811735,16.4
77.1,12,2,11.63,384196,15.4
76.8,125,2,10.81,3863164,15.3
76.7,128,2,10.93,3863255,15.4
76.3,13,2,10.59,3842794,15.1
75.7,136,2,10.7,3815163,15.1
75.5,14,2,11.4,38125759,15
75.3,144,2,10.9,381256,15
75.2,144,2,10.4,38141267,15
75,144,2,9.5,38165445,14.8
74.9,143,2,9.19,38182222,15.5
74.7,142,3,9.06,382457,15.3
74.5,145,3,8.02,3823364,15
74.2,149,3,7.74,3824876,14.7
73.7,153,3,8.4,38258629,14.6
81.1,76,0,,135876,16.6
89,78,0,9.88,14162,16.8
86,79,0,10,1457295,16.3
83,81,0,11.96,1514844,16.3
82,85,0,11.92,155756,16.2
79.6,88,0,12.25,15731,16
79.3,9,0,12.03,1568247,16
79,92,0,12.35,1558177,15.8
78.7,94,0,12.57,1542964,15.4
78.5,96,0,13.11,1522288,15.4
77.7,11,0,13.33,15333,15.4
78,99,0,13.45,1483861,15.9
77.3,15,0,14.21,1458821,15.8
77.2,17,1,12,1419631,15.9
76.9,11,1,12.22,1362722,15.7
76.6,11,1,11.89,1289898,15.5
78.2,68,0,,,13.4
78.1,69,0,1.15,,13.4
77.9,7,0,1.2,,13.4
77.8,72,0,1.13,,13.4
77.5,74,0,1.16,,12.4
77.3,76,0,1.16,,12
77,79,0,1.11,,11.8
76.8,82,0,1.37,,11.7
76.7,83,0,1.24,,12.6
76.6,83,0,1.28,,13.7
76.6,84,0,1.18,,13.7
76.6,84,0,1.11,,13.5
76.5,85,0,1,,12.8
76.4,85,0,0.87,,12.2
76.3,87,0,0.76,,12.6
76.2,88,0,0.5,,13
82.3,64,1,,,
82,66,1,0.01,,
81.7,68,1,9.33,,
81.2,69,1,9.56,,
81.1,72,2,9.34,,
87,74,2,9.23,,
86,75,2,8.97,,
83,75,2,9.31,,
79.8,77,2,9.05,,
79.4,79,2,8.83,,
78.7,84,2,9.03,,
78.2,89,3,9.18,,
77.6,95,3,9.66,,
77.1,99,3,9.55,,
76.7,17,3,11.45,,
76,116,4,10.33,,
72.1,157,1,,,
71.8,162,1,9.99,,
71.7,163,1,10.49,,
79,175,1,10.68,,
77,177,1,9.45,,
68.8,219,1,8.25,,
69,218,1,8.45,,
68.9,228,1,9.07,,
68.3,237,1,9.66,,
68,242,1,8.36,,
67.3,248,1,10.78,,
68,225,1,12.27,,
67.6,226,1,8.15,,
67.5,225,1,6.71,,
67.6,228,1,10.98,,
67.1,235,1,9.89,,
75,133,2,,19815481,14.7
74.8,135,2,0.01,1998979,14.7
74.6,138,2,9.59,19983693,14.7
74.4,138,2,9.58,25835,15.3
74.3,139,2,9.1,2147528,15.7
73.4,153,2,9,2246871,15.8
73.1,158,2,10.4,2367487,15.4
73.1,159,2,11.9,2537875,14.7
72.9,154,3,10.6,2882982,14.1
72.5,157,3,8.51,2119376,13.7
71.9,162,3,7.68,21319685,13.4
71.7,165,4,9.82,21451748,12.9
71.1,174,4,8.78,21574326,12.5
77,178,4,9.62,2173496,12
78,179,4,9.78,2213197,11.7
77,175,4,10.16,22442971,11.5
75,222,13,,1449687,15
73,225,13,10.12,143819666,14.9
70,229,14,10.58,14356911,14.6
69.6,237,14,10.99,14321676,14.3
69.4,242,14,11.04,14296868,14
68.4,256,15,11.05,142849449,13.7
68.2,261,15,11.21,142785342,14
67.5,278,16,12.04,14274235,13.9
67.3,282,16,12.19,1428588,13.8
66.4,3,17,11.79,14349528,13.8
65,327,18,11.57,143518523,13.7
64.9,321,19,11.5,1446754,13.6
64.6,322,20,11.32,144648257,13.2
64.8,313,20,10.87,1453646,12.8
65.1,38,21,10.47,14597683,12.5
65,37,22,10.18,146596557,12.1
66.1,227,11,,11629553,10.8
65.7,23,12,0.01,11345357,10.8
65.2,233,12,0.01,1165151,10.8
64.6,239,13,0.01,1788853,10.5
63.8,247,14,8.34,151671,10.2
62.8,26,16,7.92,1246842,10
61,288,17,7.11,9977446,10.2
68,282,18,6.39,978169,10.4
59.6,295,20,6.78,944742,10.1
57.6,328,22,6.88,92658,9.3
55.3,37,24,7.01,8991735,8.8
53.4,397,26,6.75,8818438,8.2
52,48,29,6.66,868346,7.6
57,415,31,7.82,853625,7.2
48.6,438,33,5.72,832946,7.1
48.3,426,34,7.13,82573,6.6
,,0,8.54,,13.4
75.2,138,0,,,13.1
75,139,0,9.97,,13.1
74.8,141,0,9.73,,13.1
74.7,142,0,9.99,,13
74.6,143,0,10.43,,12.9
74.2,147,0,10.87,,12.8
74.3,147,0,11.09,,12.7
74.1,149,0,12.09,,12.6
73.9,151,0,12.68,,12.8
73.5,155,0,13.45,,12.4
73.1,16,0,12.32,,12.2
72.6,166,0,11.93,,12.3
72.2,171,0,12.55,,12.4
72,174,0,11.85,,12.5
71.8,178,0,12.03,,12.6
71.6,183,0,11.69,,12.8
73.2,156,0,,,13.3
73.1,157,0,7.01,,13.3
72.7,161,0,7.07,,13.3
72.8,159,0,6.93,,13.3
72.7,16,0,7.02,,13.3
72.5,162,0,7,,13.3
72.3,165,0,6.85,,13.3
72.1,167,0,6.92,,13.3
71.9,17,0,5.89,,13.3
71.7,173,0,5.93,,13.3
71.4,177,0,6.04,,13.3
71.2,181,0,5.42,,13.2
71,184,0,5.1,,13
79,186,0,4.94,,12.9
79,186,0,4.73,,12.8
79,186,0,4.8,,12.7
74,125,0,,193759,12.9
73.8,128,0,0.01,19229,12.9
73.6,131,0,0.01,19757,12.9
73.2,136,0,0.01,189194,12.9
73,139,0,2.15,187665,12.9
72.6,144,0,3.01,18625,12.9
76,172,0,2.88,184826,12.9
72.5,146,0,3.97,183526,12.9
72.2,149,0,3.85,182286,12.9
72,153,0,3.52,18194,12.7
71.6,16,0,3.63,179929,12.6
71.4,162,0,3.62,178781,12.4
79,169,0,4.17,177662,12.3
76,174,0,3.3,176582,12.1
75,175,0,3.43,175566,12
72,18,0,3,17461,12.1
,,0,0.01,,15.1
67.5,19,0,,195553,11.2
67.3,191,0,0.01,191266,11.1
67.1,192,0,0.01,18745,11
66.9,194,0,0.01,182889,10.8
66.6,198,0,5.69,1788,10.6
66.2,24,0,5.58,174776,10.6
65.8,21,0,4.13,17813,10.1
65.4,215,0,4.36,166913,10.4
65.1,217,0,4.14,16311,10.3
64.7,22,0,5.46,159328,10.2
64.3,222,0,5.27,15563,10
63.8,224,0,5.78,151969,9.8
63.4,225,0,6.54,148372,9.7
63.1,226,0,5.8,144889,9.6
62.8,225,0,5.02,141622,9.4
62.6,224,0,5.07,13866,9.3
74.5,88,7,,,16.1
74.4,88,7,0.09,,15.8
74.3,89,8,0.09,,15.2
74.1,9,8,0.09,,14.5
73.9,92,8,0.09,,13.9
73.7,94,8,0.09,,13.3
73.4,97,8,0.09,,13
73.3,98,9,0.09,,12.8
73.2,99,9,0.1,,12.7
73.2,1,9,0.08,,12.5
73.1,11,9,0.05,,12.4
73.1,12,9,0.06,,12.3
73,13,9,0.05,,12.2
72.9,15,10,0.05,,12.1
72.8,17,10,0.05,,12
72.6,11,10,0.05,,11.8
66.7,188,19,,14976994,9.5
66.4,192,19,0.26,14546111,9.1
66,196,20,0.26,141232,8.7
65.6,2,20,0.28,1373513,8.3
64.9,26,20,0.32,13391,7.9
64.3,212,21,0.28,12916229,7.7
63.5,219,21,0.3,1255917,7.5
62.8,225,22,0.28,1223957,7.1
62.1,23,22,0.32,11873557,6.8
61.3,236,23,0.34,11556763,6.6
65,242,23,0.33,11251266,6.4
59.7,247,24,0.35,1955944,6.2
59,251,25,0.33,16799,5.9
58.4,252,25,0.36,1396861,5.7
57.9,251,26,0.34,1134497,5.4
57.5,25,27,0.29,988452,5.2
75.6,121,1,,795383,14.4
75.4,123,1,9.09,713576,14.3
75.3,122,1,9.16,7164132,14.1
74.9,126,1,9.38,719977,14
74.6,127,1,9.56,723499,13.5
74.4,128,1,9.65,7291436,13.6
74.1,131,1,9.85,73287,13.6
74,132,1,9.54,735222,13.5
73.8,132,1,9.3,7381579,13.5
73.6,133,1,8.58,7411569,13.4
73,135,1,9.6,744769,13.2
73,134,1,7.42,7463157,13.1
73,134,1,7.25,748591,13
72.9,133,1,6.95,7496522,13.2
73.1,135,1,7.53,753433,13.1
72.6,141,1,7.38,7516346,13
73.2,168,0,,93419,14.1
73,17,0,0.01,91359,13.2
72.9,172,0,0.01,89949,13.5
72.7,174,0,0.01,8833,13.5
72.6,177,0,9.72,87441,13.3
72.4,18,0,6.51,8977,13.2
72.3,182,0,4.94,87298,13.2
72.2,184,0,6.33,86956,13.2
72.2,185,0,8.12,8533,13.1
72.2,185,0,8.12,846,13.1
72.2,185,0,7.82,82858,12.1
72.1,186,0,7.91,82475,12.3
72.1,185,0,7.41,82781,12.1
72.1,186,0,11.15,83723,12.1
72,187,0,6.72,8122,12.2
71.8,188,0,8.24,81131,12.3
51,413,22,,723725,9.5
48.1,463,23,0.01,779162,9.5
54,47,23,0.01,692279,9.3
49.7,411,25,0.01,676613,9.1
48.9,418,26,3.78,6611692,8.9
48.1,424,27,3.84,645872,8.7
47.1,433,28,3.97,63126,8.5
46.2,441,29,3.91,6165372,8.3
45.3,45,29,3.86,615417,8.2
44.3,464,30,3.8,5848692,8
43.3,48,30,3.83,5658379,7.8
42.3,496,30,3.99,5439695,7.6
41.5,57,30,4.07,5199549,7.4
48,513,30,4.06,4957216,7.2
41,519,30,4.21,4739147,7
39,533,29,3.97,4564297,6.7
83.1,55,0,1.79,,15.4
82.9,56,0,1.83,,15.4
82.7,57,0,1.83,,15.4
82.5,59,0,1.89,,15.4
82.2,6,0,1.8,,15.2
82,61,0,1.84,,14.5
81.7,62,0,1.73,,14.4
81.4,64,0,1.7,,14.2
81.1,65,0,1.6,,14.1
87,66,0,1.55,,13.9
82,69,0,1.49,,12.6
79.7,71,0,1.45,,12.7
79.3,73,0,1.43,,12.7
79,74,0,2.16,,12.6
78.7,76,0,2.08,,12.7
78.3,78,0,2.03,,12.5
76.7,19,0,,,15
76.4,113,0,10.6,,15.1
76.1,114,0,9.89,,15
75.8,118,0,10.12,,15
75.6,122,0,10.24,,15
75.1,124,0,10.13,,15
75,131,0,10.63,,14.9
74.7,136,0,11.37,,14.8
74.4,14,0,10.58,,14.5
74.3,138,0,10.28,,14.3
74,141,0,10.81,,14
74.1,138,0,10.03,,13.8
73.8,144,0,9.85,,13.6
73.7,145,0,10.78,,13.3
73.3,145,0,10.73,,13.3
73,147,0,11.06,,13
88,74,0,,263531,17.3
87,76,0,10.46,26198,17.6
85,78,0,9.53,259953,16.8
82,81,0,10.95,257159,16.8
79.8,84,0,10.61,252843,17
79.5,87,0,10.32,248583,16.9
79.1,9,0,10.52,239669,16.9
78.9,96,0,10.94,221316,16.9
78.3,12,0,11.02,218122,16.8
78.1,17,0,12.26,26868,16.7
77.5,14,0,11.14,2474,16.3
77.2,113,0,10,199712,16.6
76.5,119,0,11.58,1995733,16.1
76.6,117,0,9.29,199453,15.6
76.2,124,0,10.8,19926,14.7
76,122,0,11.9,1988925,14.6
69.2,177,0,,587482,9.6
68.8,183,0,0.01,57554,9.6
68.8,182,0,0.01,563513,9.5
68.7,184,0,0.01,551531,9.4
68.5,186,0,0.99,539614,9.4
68.3,188,0,1.1,52779,9.3
68.1,192,0,1.21,51679,9.3
68,193,0,1.09,54477,9.2
67.6,2,0,0.85,49294,9
67.6,2,0,0.99,481422,8.4
67.4,24,0,0.9,469885,8.3
67.1,29,0,1.18,458324,8.1
66.8,215,0,1.18,446769,8
66.5,22,0,1.08,435262,7.3
66.2,227,0,0.7,423853,6.6
65.8,235,0,0.71,41269,7.2
55,312,50,,,
54.3,321,51,0.01,,
54.2,318,51,0.01,,
53.1,336,51,0.01,,
53.1,329,51,0.01,,
52.4,336,52,0.01,,
52.2,335,52,0.01,,
51.9,336,52,0.01,,
51.5,34,52,0.01,,
51.5,337,51,0.01,,
51.6,334,50,0.01,,
51.2,341,49,0.01,,
51.1,344,48,0.01,,
58,348,47,0.01,,
57,352,46,0.01,,
55,355,45,0.01,,
62.9,328,42,,5511976.68,13
62,347,42,7.38,54146734.74,13
69,371,43,7.34,53311955.61,12.8
59.2,48,43,7.38,5256515.8,12.8
58.9,413,43,7.38,51729345.36,12.8
58,428,43,7.28,5979432.36,12.8
56.5,449,46,7.6,5255813.11,12.8
55.3,473,50,8.19,49557573.3,12.9
54.5,486,51,8.48,48883844.99,12.9
54,496,54,8.5,4823384.48,12.9
53.8,498,55,8.69,476667.24,12.9
53.7,497,55,6.96,4717.99,12.9
54,485,55,6.93,46418193.9,12.9
54.9,459,54,7.04,45855482.88,12.9
56,429,52,7.38,45312937,13
57.3,397,51,7.3,44896856,13
57.3,332,26,,11882136,4.9
56.6,343,26,,1153971,4.9
56.4,345,26,,1117749,4.9
56,347,26,,1818258,4.9
55.4,355,27,,1448857,4.9
55,359,27,,167192,0
54.3,369,27,,967667,0
53.6,377,27,,9263136,0
53.1,381,27,,88568,0
52.5,383,28,,8468152,0
51.9,383,28,,818877,0
51.4,383,29,,7787655,0
58,383,29,,751642,0
52,382,30,,7237276,0
49.6,381,30,,6974442,0
48.9,38,31,,67656,0
82.8,56,1,,46447697,17.7
82.6,58,1,0.01,4648882,17.6
82.4,6,1,9.25,466245,17.5
82,61,1,9.35,4677355,17.2
82.1,63,1,9.62,46742697,16.9
81.9,64,1,9.78,46576897,16.4
81.6,66,2,9.99,46362946,16.3
81.3,7,2,10.24,4595416,16.1
89,72,2,11.05,4522683,16
88,73,2,11.86,44397319,15.9
81,77,2,11.92,43653155,15.8
81,79,2,11.96,42921895,15.6
79.4,83,2,12.09,42187645,15.6
79.5,83,2,12.26,41431558,15.7
79.4,84,2,9.86,485412,15.7
79.1,86,2,11.12,4567864,15.7
74.9,138,3,,2966,14
74.7,141,3,2.37,2771,14
74.6,142,3,2.56,2585,13.8
74.5,143,3,2.8,2425,13.7
74.5,141,3,3.03,2271,13.6
74.5,138,3,2.31,2119,13.5
71.8,183,4,2.05,19968,13.4
72.3,172,4,2.1,19817,13.3
73.7,146,4,2.29,19668,13.2
73.8,145,4,1.96,1952,13.1
74.2,138,4,1.97,19373,12.9
69.1,197,6,1.56,19228,12.8
73.9,146,5,1.69,1983,12.7
73.7,149,5,1.62,18939,12.6
72.7,16,5,1.68,18797,12.5
71.5,175,5,1.45,18655,12.4
64.1,225,58,,3864783,7.2
63.8,229,59,0.01,37737913,7.2
63.5,232,60,0.01,36849918,7
63.2,235,61,0.01,3599192,6.8
62.7,241,61,2.12,35167314,7
62.5,243,62,1.77,34385963,7
62,248,63,1.99,3365619,6.8
61.8,251,64,2.01,32955496,6.3
61.4,254,65,2.01,32282526,6.4
61,26,66,1.9,316764,6.2
67,261,66,1.55,3911914,6.1
59.7,278,68,1.59,3186341,5.7
59.6,278,69,1.74,29435944,5.6
59.4,277,70,1.59,28679565,5.6
58.9,283,71,1.81,279455,5.6
58.6,284,71,1.76,2725535,5.5
71.6,176,0,,55328,12.7
71.4,178,0,6.32,547928,12.7
71.2,179,0,6.02,54254,12.7
71.3,178,0,5.73,53777,12.7
76,187,0,5.64,531589,12.5
73,19,0,5.26,52613,12.3
70,196,0,5.13,52619,12.1
69.8,196,0,4.94,515148,11.9
69.5,22,0,4.72,5975,11.7
69.3,199,0,4.52,5437,11.5
68.9,25,0,4.47,498946,11.3
68.3,214,0,4.55,49363,11.1
68,223,0,4.53,488332,10.9
67.9,221,0,4.41,48344,11
67.7,219,0,4.23,47774,11
67.4,224,0,4.29,47239,11.1
58.9,373,2,,131911,11.4
58.4,382,2,0.01,129597,11.4
57.6,393,2,0.01,1271456,11.4
56.5,412,2,0.01,1248158,11.3
55,438,2,5.2,1225258,11.2
53.6,459,2,4.93,122843,11
52.6,46,3,4.9,118675,10.8
51.4,477,3,4.87,1158897,10.6
50,51,3,5.55,1138434,10.5
47.8,564,3,5.53,112514,9.9
46,63,3,5.08,115873,9.7
45.6,69,3,5.78,19553,9.4
45.9,6,3,5.65,187392,9.1
46.4,587,3,5.52,1893,9.2
47.1,568,3,6.72,172927,9.3
48.4,536,3,7.19,161468,9.4
82.4,53,0,,9799186,15.9
82.3,54,0,7.3,969611,15.8
81.9,57,0,7.3,96379,15.8
81.7,57,0,7.4,9519374,15.8
81.7,58,0,7.4,9449213,16
81.5,58,0,7.2,9378126,15.8
81.4,62,0,7.3,9298515,15.8
81.1,62,0,6.9,9219637,15.7
89,63,0,6.9,914892,15.8
88,64,0,6.5,9855,15.9
85,66,0,6.5,929572,16
83,7,0,6.6,8993531,16
82,69,0,6.9,8958229,15.9
79.9,71,0,6.9,8924958,15.9
79.8,73,0,6.6,889596,15.9
79.6,73,0,6.2,887219,15.9
83.4,49,0,,8282396,16
83.2,51,0,9.61,8188649,15.9
83,52,0,9.73,889346,15.8
82.7,54,0,9.86,7996861,15.7
82.6,55,0,9.99,7912398,15.6
82.3,57,0,10.01,782499,15.4
82.1,6,0,10.15,7743831,15.3
82,6,0,10.29,7647675,15.3
81.7,63,0,10.44,7551117,15.3
81.5,65,0,10.24,7483934,15.2
81.1,66,0,10.15,7437115,15.2
81,69,0,10.55,7389625,15.1
85,72,0,10.82,73391,15
84,74,0,10.85,7284753,15.2
82,75,0,11.12,7229854,15.2
79.7,78,0,11.26,718425,15.1
64.5,293,6,,18734987,9
64.4,294,7,0.01,19239,9
63.6,37,7,0.01,1989141,13
62.8,32,7,0.01,24271,12.5
71.7,163,7,0.76,2863993,12
73.7,127,7,0.78,2118834,11.7
73.8,124,7,0.81,2824893,11.8
73.8,122,8,0.8,2325443,11.6
73.8,121,8,0.83,1963286,11.5
73.7,123,8,0.97,18914977,11.4
73.5,127,9,0.92,18294611,11
73.2,131,9,0.93,1786638,10.6
73,134,9,1.29,17415266,10.3
72.8,135,9,1.25,178791,10.2
72.7,135,10,1.29,16766899,10.1
72.6,136,10,1.41,1641848,10
69.7,161,10,,8548651,11.3
69.6,162,10,0.01,8362745,11.3
69.3,163,10,0.01,817789,11.2
68.8,164,10,0.01,799562,11.1
68.1,166,10,0.32,7815949,11.1
67.3,171,10,0.32,764163,11.1
66.7,174,10,0.3,7472819,11.1
66.4,178,10,0.32,739728,10.8
66.1,181,10,0.35,7152385,10.9
65.9,183,10,0.38,7557,10.7
65.5,194,10,0.37,6854176,10.6
65.9,177,11,0.38,6712841,10.5
65.2,182,11,0.36,6576877,10.1
64.3,193,12,0.6,6447688,9.8
64,194,13,0.86,6327125,9.7
63.7,198,14,0.37,621625,9.6
74.9,148,8,,686576,13.6
74.6,152,8,6.41,68416772,13.6
74.5,153,9,6.5,6814365,13.6
74.3,154,9,6.56,67843979,13.7
74.1,155,10,6.07,675313,13.3
73.9,158,10,5.95,672888,13.1
73.7,16,11,5.88,66881867,13
73.5,162,11,5.92,6654576,12.9
73.3,165,12,6.2,66195615,12.3
73,168,13,6.18,65824164,12.4
72.5,177,13,6.26,6542547,12
71.6,189,14,6.17,652231,11.9
71.7,189,15,6.14,64554952,11.8
71.4,192,16,5.93,6473164,11.5
71.2,194,17,5.92,63543322,11.2
71.1,194,18,5.88,6295821,10.9
75.7,12,0,,,12.9
75.5,12,0,1.13,,12.9
75.3,14,0,1.03,,12.9
75.1,15,0,1.23,,12.9
74.9,17,0,1.16,,12.9
74.7,18,0,1.47,,13
74.4,111,0,1.77,,13
74.2,111,0,1.72,,12.2
73.5,12,0,1.75,,12.2
73.7,122,0,1.74,,12.1
73.6,12,0,1.75,,11.9
73.5,12,0,2.07,,11.9
73.2,126,0,2.4,,11.9
72.8,128,0,2.53,,11.9
73.1,126,0,3.27,,11.8
72.6,125,0,2.86,,11.7
68.3,152,2,,124977,12.5
68,155,2,0.01,1212814,12.5
67.7,158,2,0.01,1184366,12.5
67.4,159,2,0.01,115676,12.5
67.2,161,2,0.5,1131523,12.5
66.9,163,2,0.1,119591,12.4
66.6,165,2,0.09,19221,12.1
66.2,168,2,0.06,17811,11.7
65.8,173,2,0.05,164973,11.3
64.9,186,2,0.04,148621,11
63.7,26,3,0.36,126484,10.6
62.3,229,3,0.38,996698,10.2
61,25,3,0.44,96852,9.8
62,261,3,0.48,923825,9.8
59.4,269,3,0.5,892531,9.8
58.7,276,3,0.5,87167,0
59.9,287,13,,741682,12
59.7,285,13,0.01,7228915,12
59.4,287,14,0.01,742948,12
58.9,294,14,0.01,6859482,12
58.3,34,14,1.44,6679282,11.5
57.4,323,14,1.21,652952,11
56.7,336,14,1.24,633472,10.6
56.2,344,14,1.33,6161796,10.1
55.9,344,14,1.37,5997385,10.6
55.7,345,15,1.37,5837792,10.2
55,357,15,1.14,5683268,10.1
54.9,355,15,1.01,5534598,10
54.7,355,15,1.02,539141,9.9
54.7,351,15,1,5251472,9.7
54.6,345,14,0.95,511177,9.4
54.6,339,14,1.1,497367,9.3
73.5,133,0,,16364,14.3
73.3,135,0,0.01,15782,14.3
73.2,137,0,0.01,15328,14.3
73,138,0,0.01,14951,14.4
72.9,14,0,0.96,14577,14.4
72.8,142,0,1.24,14137,14.4
72.5,147,0,1.08,1364,14.5
72.6,145,0,1.1,135,14.5
72.5,146,0,2.05,12357,14.5
72.4,148,0,1.79,11689,14.6
72.3,15,0,1.57,1141,14.6
72.2,151,0,1.8,146,14.6
72,153,0,1.79,99789,13.7
71.9,155,0,1.51,99184,13.5
71.8,157,0,1.35,98611,13.2
71.6,158,0,1.24,9882,13.7
71.2,17,0,,13692,12.7
71.1,171,0,6.94,1354493,12.7
71,172,0,6.71,1348248,12.7
78,174,0,6.7,1341588,12.6
76,176,0,6.5,1334788,12.6
74,179,0,6.5,13281,12.5
71,183,0,6.37,1321618,12.5
69.9,185,0,6.41,1315372,12.4
69.7,187,0,6.37,13926,12.4
69.6,188,0,6.35,133144,12.3
69.5,189,0,6.12,1296934,12.3
69.4,19,0,5.82,129535,12.2
69.3,191,0,5.53,128452,12
69.2,192,0,5.12,1277837,11.9
69.1,194,0,4.55,127238,11.8
69.1,197,0,4.68,1267984,11.7
75.3,1,3,,11273661,14.6
75.1,12,3,1.39,1114398,14.7
74.9,13,3,1.29,1114558,14.7
74.9,13,3,1.3,1886668,14.6
74.8,13,3,1.29,1761467,14.5
74.8,12,3,1.28,1639931,14.4
74.7,12,3,1.4,1521834,14.4
74.7,12,3,1.37,147336,14.3
74.6,12,3,1.24,129887,14.3
74.4,12,3,1.46,1196136,14.2
74.2,14,3,1.37,112482,13.9
74,15,3,1.36,11761,13.6
73.7,17,4,1.34,9939678,13.5
73.5,19,4,1.17,9864326,13.3
73.2,11,4,1.19,978571,13.1
72.9,112,4,1.21,9699197,12.8
75.8,16,15,,78271472,14.5
75.5,17,16,1.45,773628,14.5
75.2,19,17,1.41,75787333,14.4
74.8,112,19,1.54,74569867,14.3
74.5,114,20,1.53,7349455,13.8
74.2,116,21,1.49,72326914,13
73.9,118,23,1.4,71339185,12.5
73.5,121,25,1.39,74432,12.5
73.2,124,26,1.26,69597281,12.3
72.8,126,28,1.29,6876345,11.9
72.4,129,30,1.29,679346,11.9
72,132,33,1.35,677855,12
71.6,135,35,1.42,668583,11.9
71.2,138,38,1.47,6514354,11.5
78,14,41,1.49,64191474,11.1
74,143,44,1.54,6324121,10.7
66.3,215,6,,5565284,10.8
66,217,7,2.9,5466241,10.8
65.4,228,7,2.93,5366277,10.7
65.6,22,7,2.75,5267839,10.7
65.6,217,7,2.55,517461,10.6
65.8,211,7,2.48,58721,10.6
65.6,215,6,2.35,5795,10.5
64.5,235,6,2.4,4935762,10.5
64.1,241,6,2.58,487137,10.4
63.7,245,6,2.71,48115,10.4
63.3,248,6,2.85,4754641,10.3
63.5,238,6,2.86,473398,10.3
63.4,231,7,2.88,4655741,10.3
63.3,229,7,2.33,4612,10.2
64,221,7,2.35,45648,10.2
63.8,224,7,2.9,4516131,0
,,0,0.01,1819,0
62.3,291,66,,414487,10
61.5,38,68,0.01,38833338,10
67,325,71,0.01,37553726,10
60,339,73,0.01,3636796,10
59.3,347,76,10.22,3593648,10.7
58.4,362,79,10.03,33915133,10.9
57.5,378,82,9.63,32771895,10.8
56.3,41,84,9.79,31663896,10.6
55.5,41,88,9.65,359487,10.3
54.9,41,93,9.81,2955662,10.6
53.2,446,99,10.09,2854394,10.9
51.3,485,104,9.89,27568436,11.6
51,53,109,10.16,2662482,11.5
48.8,523,112,10.42,2571848,11
47.7,539,115,10.57,24854892,10.8
46.6,554,116,10.47,2439274,9.8
71.3,195,4,,4515429,15.3
78,23,4,8.06,45271947,15.2
71,198,4,8.44,454896,15.2
77,25,5,8.44,455933,15.1
75,24,5,8.48,45761,14.9
69.8,212,5,8.39,45877,14.9
69.2,231,5,8.71,46533,14.9
67.7,273,5,9.46,462582,14.9
67.5,277,5,8.86,465935,14.8
67.7,267,5,7.99,4678775,14.7
67,278,5,7.31,471515,14.5
67.4,267,5,6.79,474516,14.6
67.6,256,6,5.92,4781295,14.3
67.6,256,6,4.89,48225,13.9
67.7,253,6,4.31,48683865,13.2
67.5,257,6,4.49,49175848,13.3
77.1,75,1,,,13.3
76.9,77,1,1.91,,13.3
76.7,78,1,1.82,,13.3
76.5,8,1,1.75,,13.3
76.3,81,1,1.73,,13.3
76.2,82,1,1.69,,13.3
76,84,1,1.73,,13.2
75.8,85,1,1.86,,13.1
75.6,87,1,1.69,,12.9
75.4,89,1,1.74,,12.8
75.3,92,1,1.79,,12.6
75.1,95,1,1.77,,12.4
74.9,98,1,1.74,,12.3
74.7,11,1,1.72,,12.1
74.5,14,1,1.67,,12
74.2,17,1,1.64,,11.8
81.2,69,3,10.66,,
81,71,3,10.37,,
87,72,3,10.32,,
86,72,3,10.42,,
86,74,3,10.68,,
82,77,3,10.88,,
81,78,4,10.79,,
79.6,8,4,11.47,,
79.5,8,4,11.84,,
79.3,82,4,11.61,,
79,82,4,12.05,,
78.8,83,4,12.22,,
78.3,86,4,11.85,,
78.2,87,4,11.44,,
78,88,4,10.91,,
77.8,89,4,10.59,,
61.8,279,85,,,
67,34,86,0.01,,
59.7,323,86,4.2,,
58.6,348,87,3.98,,
58.3,348,88,4.04,,
57.5,36,89,4.19,,
56.9,368,91,3.97,,
56.2,376,92,3.44,,
54.5,411,94,4.4,,
53.1,437,96,4.07,,
52.2,449,97,3.94,,
51.5,454,100,3.81,,
58,459,103,2.34,,
52,46,106,3.37,,
49.6,46,110,4.09,,
49.2,457,114,3.89,,
79.3,13,23,,,
79.1,14,23,8.82,,
78.9,16,23,8.82,,
78.8,16,24,8.82,,
78.7,16,25,8.67,,
78.7,15,25,8.55,,
78.5,18,26,8.71,,
78.2,18,27,8.74,,
78.1,11,27,8.74,,
77.8,113,28,8.63,,
77.5,112,28,8.52,,
77.5,111,28,8.48,,
77.2,114,28,8.4,,
77,115,28,8.33,,
76.9,115,28,8.25,,
76.8,114,28,8.21,,
77,116,0,,3431552,15.5
76.8,117,0,6.03,3419546,15.5
76.8,117,0,5.82,3485,15.5
76.5,118,0,5.77,3396777,15.5
77,111,0,5.97,3385624,15.5
76.3,118,0,6.21,3374415,15.6
76.6,118,0,6.67,3362755,15.5
76.4,119,1,6.76,335824,15.7
75.4,124,1,6.67,3339741,15.3
76.2,117,1,6.58,333143,15.2
75.7,123,1,6.35,3325612,15.5
75.4,122,1,5.66,332496,15.5
75.4,121,1,5.11,3325637,15
75.4,124,1,5.86,3327773,14.7
75.2,123,1,6.48,332713,14.2
75.1,131,1,6.65,3321245,14
69.4,184,15,,312989,12.1
69.2,184,16,0.01,37577,12.1
69.1,185,17,0.01,32432,12
68.8,184,18,0.01,297745,12
68.5,183,19,2.83,293394,12
68.3,183,20,2.73,285624,11.9
68,183,21,2.56,277674,11.8
67.9,184,22,2.36,27328,11.9
67.8,184,22,2.15,26868,11.8
67.6,185,23,1.96,2648825,11.8
67.3,192,24,1.78,26167,11.7
67.8,183,24,1.59,2586435,11.6
67.2,183,25,1.54,2556765,11.3
67.1,186,27,1.47,2527185,11
67.4,185,28,1.53,2496445,10.7
67.1,189,30,1.6,24654,10.6
72,13,0,,26463,10.8
71.7,134,0,0.01,25885,10.8
71.6,135,0,0.01,253142,10.8
71.4,138,0,0.01,247485,10.8
71.2,141,0,0.85,241871,10.8
71,145,0,0.91,236295,10.8
78,149,0,0.83,23785,10.7
75,153,0,1.18,22534,10.7
73,157,0,1.01,219953,10.7
71,161,0,1,214634,10.6
69.9,165,0,0.88,2937,10.6
69.6,169,0,0.85,24143,10.7
69.4,173,0,1.2,198964,10.4
69.3,176,0,1.24,193956,10.2
69.1,179,0,0.91,18929,10.1
69,18,0,1.21,18563,9.6
74.1,157,9,,,14.3
73.9,158,9,6.47,,14.2
73.8,159,9,6.71,,14.2
73.7,161,9,6.7,,14.1
73.8,158,9,6.74,,14.1
73.7,158,9,7.22,,14
73.6,166,9,7.59,,14
73.2,168,9,8.18,,13.4
73.4,165,9,8.7,,12.9
73.6,163,9,8.27,,12.4
73.6,158,9,7.92,,11.8
73.3,161,10,7.55,,11.6
72.4,172,10,6.3,,11.6
73.1,167,10,6.89,,11
72.5,169,10,8.05,,10.4
72.5,168,11,8.01,,10.6
76,127,28,,,12.6
75.9,128,28,4.09,,12.5
75.7,129,28,4,,12.3
75.6,13,29,4.12,,12.2
75.4,131,29,3.94,,12
75.2,133,29,3.93,,11.9
75,134,29,3.86,,11.7
74.9,135,28,3.58,,11.6
74.7,136,28,3.01,,11.4
74.6,136,28,2.56,,11.3
74.4,136,29,2.7,,11.1
74.2,136,29,2.86,,11
74,137,30,2.19,,10.9
73.8,137,30,2.03,,10.7
73.6,138,32,1.84,,10.6
73.4,139,33,1.6,,10.4
65.7,224,37,,,9
65.4,228,37,0.01,,9
65.4,226,36,0.04,,9
64.7,236,36,0.04,,9
64.6,234,35,0.04,,8.6
64.4,233,35,0.06,,8.5
64.1,235,36,0.03,,8.4
63.8,238,37,0.04,,8.5
63.4,24,38,0.05,,8.6
63,242,39,0.04,,8.7
62.6,245,40,0.04,,8.6
62.2,247,42,0.06,,8.4
61.9,249,43,0.04,,8.2
61.5,25,45,0.07,,8
61.1,251,46,0.08,,7.9
68,252,48,0.07,,7.7
61.8,33,27,,161587,12.5
61.1,314,28,0.01,1562974,12.5
63,328,29,2.41,1515321,12.5
59.2,349,29,2.59,14699937,12.3
58.2,366,29,2.57,14264756,12
58,363,30,2.47,138533,11.8
57.4,368,30,2.3,13456417,11.6
55.7,45,31,2.12,1382517,11.4
52.6,487,32,2.08,12725974,11.1
58,526,33,2.25,12383446,10.9
49.3,554,34,2.33,1252156,10.7
47.9,578,36,2.46,11731746,10.5
46.4,64,39,2.33,11421984,10.2
45.5,69,41,2.44,111249,10
44.6,611,43,2.61,1824125,9.8
43.8,614,44,2.62,1531221,9.6
67,336,22,,15777451,10.3
59.2,371,23,6.5,15411675,10.3
58,399,25,6.39,155456,10.4
56.6,429,26,6.09,1471826,9.8
54.9,464,28,6,14386649,10.1
52.4,527,29,5.21,1486317,10
50,587,30,4.64,1381599,9.9
48.2,632,30,3.56,13558469,9.7
46.6,67,29,3.88,1332999,9.6
45.4,7,28,4.57,13124267,9.5
44.6,717,28,4.14,129432,9.3
44.3,723,27,4.36,12777511,9.2
44.5,715,26,4.06,12633897,9.5
44.8,73,25,4.43,125525,10
45.3,686,25,1.72,12366165,9.8
46,665,24,1.68,12222251,9.8
